ID,Ed1,Ed2,Ed3,Gen1,Gen2
0,1,1,0,1,0
1,0,0,0,1,0
2,1,0,1,0,1
3,1,0,1,0,1
4,1,0,1,0,1
5,1,1,0,0,1
6,1,0,1,0,1
7,1,1,1,0,1
8,0,0,0,0,1
9,0,0,0,0,1
10,0,1,1,0,1
11,0,0,0,1,0
12,0,0,1,1,0
13,1,0,1,0,1
14,1,0,1,0,1
15,0,1,0,1,0
16,1,0,1,1,0
17,1,0,1,0,1
18,1,1,1,1,0
19,1,0,1,0,1
20,1,0,1,0,1
21,0,0,0,1,0
22,1,0,1,0,1
23,0,0,1,1,0
24,0,1,1,0,1
25,1,0,1,0,1
26,0,0,0,0,1
27,1,0,1,0,1
28,0,0,0,1,0
29,1,0,1,1,0
30,0,0,0,1,0
31,1,0,1,0,1
32,0,0,0,1,0
33,1,0,1,0,1
34,1,0,1,0,1
35,0,0,1,0,1
36,1,1,1,1,0
37,1,0,1,1,0
38,1,0,1,0,1
39,0,0,0,0,1
40,1,1,1,0,1
41,0,0,0,0,1
42,1,0,1,0,1
43,1,1,1,1,0
44,1,0,1,0,1
45,1,0,1,1,0
46,0,0,1,0,1
47,1,1,1,1,0
48,0,1,1,1,0
49,1,0,1,1,0
50,1,0,0,0,1
51,0,0,0,1,0
52,1,1,1,1,0
53,0,0,0,1,0
54,0,0,0,0,1
55,1,0,1,0,1
56,1,1,1,1,0
57,1,1,0,0,1
58,1,1,1,0,1
59,1,1,1,1,0
60,1,0,0,1,0
61,1,0,0,1,0
62,1,0,0,1,0
63,1,0,0,0,1
64,1,0,1,0,1
65,1,0,1,0,1
66,1,0,1,1,0
67,1,0,1,0,1
68,1,0,1,1,0
69,1,0,1,0,1
70,1,0,1,0,1
71,1,1,0,0,1
72,1,0,1,0,1
73,0,1,1,0,1
74,1,0,0,0,1
75,1,0,0,0,1
76,1,0,0,0,1
77,1,0,1,0,0
78,0,0,0,1,0
79,1,0,0,0,1
80,1,1,1,1,0
81,1,1,1,1,0
82,1,0,1,0,1
83,1,0,1,1,0
84,1,0,1,1,0
85,1,0,1,0,1
86,0,0,0,1,0
87,1,0,1,0,1
88,0,0,0,1,0
89,0,0,0,0,1
90,0,0,0,1,0
91,0,1,1,0,1
92,1,1,0,0,1
93,1,0,1,0,1
94,1,1,1,1,0
95,1,0,1,0,1
96,0,0,0,1,0
97,0,0,0,0,1
98,0,0,0,0,1
99,0,0,0,1,0
100,1,1,1,0,1
101,1,1,0,0,1
102,1,0,1,0,1
103,1,0,1,0,1
104,1,0,1,1,0
105,1,0,1,0,1
106,0,0,0,0,1
107,1,1,0,0,1
108,1,0,1,0,1
109,1,0,1,0,1
110,0,0,0,1,0
111,0,0,1,1,0
112,0,0,0,0,1
113,1,0,1,0,1
114,1,0,1,1,0
115,1,0,1,0,1
116,1,0,1,1,0
117,1,0,0,1,0
118,1,0,1,0,1
119,1,1,1,0,1
120,1,0,1,0,1
121,1,0,1,0,1
122,1,0,0,1,0
123,1,0,1,0,1
124,1,0,1,0,1
125,0,0,0,0,1
126,1,0,1,1,0
127,1,1,1,0,1
128,1,0,1,1,0
129,1,0,1,1,0
130,0,0,0,0,1
131,0,0,0,1,0
132,1,0,1,0,1
133,1,0,1,1,0
134,1,0,0,0,1
135,1,1,1,1,0
136,0,0,0,0,1
137,1,0,1,0,1
138,0,1,0,0,1
139,1,0,1,0,1
140,0,0,1,1,0
141,1,0,1,0,1
142,1,0,0,1,0
143,1,0,1,0,1
144,0,0,1,1,0
145,0,0,1,0,1
146,0,1,0,0,1
147,1,0,1,1,0
148,1,0,1,0,0
149,1,0,1,1,0
150,1,1,1,1,0
151,0,0,0,0,1
152,1,1,1,0,1
153,1,0,1,0,1
154,0,0,0,1,0
155,1,0,1,1,0
156,1,0,1,0,1
157,1,1,1,0,1
158,1,0,0,0,1
159,1,0,1,0,1
160,1,1,1,0,1
161,1,0,1,0,1
162,0,0,1,1,0
163,0,1,0,0,1
164,0,0,0,0,1
165,1,0,0,0,1
166,0,0,0,0,1
167,1,1,1,1,0
168,1,0,0,0,1
169,1,0,1,0,1
170,1,0,1,0,1
171,1,1,1,0,1
172,1,0,1,0,1
173,1,0,1,0,1
174,0,0,0,0,1
175,0,0,1,0,1
176,1,0,1,0,1
177,1,0,1,1,0
178,1,0,1,1,0
179,1,0,1,1,0
180,1,1,1,0,1
181,0,0,0,0,1
182,1,1,0,1,0
183,1,0,1,1,0
184,0,0,0,0,1
185,0,0,0,0,1
186,0,0,0,1,0
187,0,1,0,0,1
188,1,0,1,0,1
189,0,0,0,0,1
190,0,0,0,1,0
191,0,0,0,0,1
192,1,0,1,0,1
193,0,0,1,0,1
194,1,1,1,1,0
195,0,0,0,0,0
196,1,1,0,0,1
197,1,1,1,0,1
198,1,1,1,1,0
199,1,0,1,0,1
200,1,0,1,0,1
201,1,0,1,0,0
202,0,1,1,0,1
203,1,0,1,1,0
204,1,1,0,0,1
205,1,0,1,1,0
206,1,1,1,0,1
207,1,0,1,1,0
208,1,1,1,0,1
209,1,0,1,0,1
210,1,0,1,1,0
211,1,0,1,0,1
212,1,0,1,0,1
213,1,1,1,1,0
214,0,0,1,0,1
215,0,1,0,0,1
216,0,0,0,0,1
217,0,0,0,1,0
218,1,0,0,0,1
219,1,0,1,0,1
220,1,0,1,0,1
221,1,0,1,0,1
222,1,0,1,1,0
223,1,0,0,1,0
224,1,0,1,0,1
225,1,0,1,0,1
226,1,0,1,0,1
227,1,0,1,1,0
228,0,0,0,1,0
229,1,0,1,1,0
230,0,0,0,0,1
231,0,0,0,1,0
232,1,0,1,0,1
233,1,1,1,1,0
234,1,0,1,1,0
235,0,0,0,1,0
236,1,0,0,1,0
237,1,0,1,0,0
238,0,0,0,0,1
239,1,0,1,1,0
240,1,1,0,1,0
241,0,0,0,0,1
242,0,0,0,0,1
243,0,0,0,1,0
244,0,0,0,0,1
245,0,1,0,1,0
246,0,0,0,1,0
247,1,1,1,0,1
248,1,0,1,0,1
249,1,1,1,0,1
250,1,0,1,1,0
251,0,0,0,1,0
252,1,1,1,1,0
253,1,0,0,1,0
254,1,1,0,0,1
255,1,1,1,0,1
256,1,1,1,1,0
257,1,0,1,1,0
258,1,0,1,0,1
259,0,0,0,0,1
260,0,0,0,0,1
261,1,1,1,0,1
262,0,0,0,0,1
263,1,1,1,0,1
264,0,0,0,1,0
265,1,0,1,0,1
266,1,1,0,0,1
267,0,0,1,0,1
268,1,0,0,0,1
269,1,1,1,1,0
270,0,0,0,1,0
271,1,0,1,0,1
272,1,1,1,0,0
273,1,1,1,1,0
274,1,0,1,0,1
275,0,0,0,0,1
276,1,0,1,0,1
277,0,0,0,0,1
278,0,0,1,1,0
279,1,0,1,1,0
280,0,0,0,0,1
281,1,0,1,0,1
282,1,0,0,0,1
283,1,1,1,0,1
284,0,0,0,0,1
285,1,0,1,0,1
286,0,0,0,0,1
287,0,0,0,1,0
288,1,0,1,0,1
289,1,0,1,0,1
290,1,0,1,0,1
291,1,1,1,0,1
292,0,0,0,1,0
293,1,0,1,0,1
294,0,0,0,0,1
295,1,0,1,0,1
296,1,0,1,1,0
297,1,0,1,0,1
298,1,0,0,1,0
299,1,1,0,0,1
300,1,0,1,1,0
301,1,0,1,1,0
302,1,1,0,1,0
303,0,0,0,1,0
304,0,0,0,1,0
305,0,0,0,0,1
306,0,0,0,0,1
307,1,1,0,0,1
308,1,0,1,0,1
309,1,1,0,1,0
310,0,0,0,1,0
311,0,0,0,0,1
312,0,0,0,0,1
313,1,0,1,0,1
314,1,0,1,0,1
315,0,0,0,1,0
316,0,0,0,1,0
317,1,1,0,0,1
318,1,0,1,0,1
319,1,0,1,1,0
320,1,1,1,0,1
321,0,0,0,0,1
322,0,0,0,1,0
323,1,1,1,0,1
324,0,0,0,0,1
325,0,0,0,0,1
326,1,0,1,0,1
327,0,0,0,1,0
328,1,0,1,0,1
329,0,0,0,0,1
330,1,1,1,1,0
331,1,1,0,0,1
332,1,0,1,0,1
333,0,0,1,1,0
334,1,0,1,1,0
335,1,1,1,0,1
336,1,1,1,1,0
337,0,0,0,1,0
338,1,0,1,1,0
339,1,1,1,0,1
340,1,0,1,1,0
341,1,0,1,1,0
342,1,0,1,0,1
343,0,0,0,0,1
344,1,0,1,0,1
345,1,0,0,1,0
346,1,1,1,0,1
347,1,0,0,0,1
348,1,1,1,0,1
349,1,0,1,0,1
350,0,1,1,0,1
351,1,1,1,0,1
352,1,1,1,0,1
353,0,0,0,1,0
354,1,1,1,0,1
355,1,1,1,0,1
356,1,0,0,1,0
357,0,0,1,0,1
358,0,0,0,0,0
359,1,1,0,0,1
360,0,0,0,1,0
361,1,0,1,0,1
362,1,1,1,1,0
363,1,1,1,0,1
364,1,1,0,0,1
365,1,1,1,0,1
366,0,0,0,0,1
367,1,1,1,0,1
368,1,1,1,0,1
369,1,1,1,0,1
370,1,1,1,1,0
371,0,0,0,1,0
372,0,0,0,0,1
373,1,1,1,1,0
374,1,1,1,0,1
375,1,0,0,0,1
376,1,1,1,0,1
377,0,0,0,0,1
378,1,1,1,0,1
379,1,1,1,1,0
380,0,0,1,0,1
381,0,0,0,1,0
382,1,0,1,0,1
383,1,1,1,0,1
384,0,0,0,0,1
385,1,0,0,1,0
386,1,1,0,1,0
387,1,1,1,0,1
388,1,1,1,0,1
389,0,0,0,0,1
390,1,0,0,1,0
391,0,1,0,0,1
392,1,1,0,1,0
393,0,1,0,1,0
394,1,1,0,0,1
395,1,1,1,0,1
396,1,0,1,0,1
397,1,1,1,0,1
398,1,1,1,0,1
399,1,1,1,1,0
400,1,1,1,0,1
401,0,0,0,0,1
402,1,1,1,0,1
403,1,1,1,0,1
404,0,1,0,0,1
405,1,1,1,0,1
406,1,0,1,0,1
407,1,1,1,0,1
408,1,1,1,0,1
409,0,0,0,0,1
410,0,0,0,1,0
411,1,0,1,1,0
412,0,0,0,1,0
413,0,0,0,0,1
414,1,1,1,0,1
415,1,1,1,0,1
416,1,1,1,1,0
417,0,0,0,1,0
418,1,0,1,0,1
419,1,1,1,0,1
420,1,1,1,0,1
421,1,1,1,0,1
422,1,0,1,0,1
423,1,1,1,1,0
424,0,0,0,0,1
425,0,0,0,0,1
426,0,1,0,0,1
427,1,1,1,0,1
428,1,1,1,0,1
429,0,1,0,1,0
430,0,0,0,0,1
431,0,0,0,0,1
432,1,1,1,0,1
433,1,1,1,0,1
434,1,1,1,0,1
435,1,1,1,0,1
436,0,0,0,0,1
437,1,0,1,0,1
438,1,1,1,0,1
439,1,1,1,0,1
440,1,1,0,0,1
441,1,1,0,0,1
442,0,0,0,1,0
443,1,0,1,0,1
444,1,1,1,0,1
445,0,1,0,0,1
446,1,0,0,1,0
447,0,0,0,0,0
448,0,0,0,0,1
449,0,1,0,0,1
450,1,1,1,0,1
451,1,1,1,0,1
452,1,1,1,0,1
453,1,0,0,1,0
454,1,1,1,0,1
455,1,1,1,0,1
456,1,1,1,0,1
457,1,0,1,0,1
458,1,1,1,0,1
459,0,0,0,0,1
460,1,1,1,0,1
461,1,0,0,1,0
462,1,1,1,0,1
463,0,0,0,1,0
464,0,0,0,0,1
465,0,0,0,0,1
466,1,0,1,0,1
467,1,0,0,0,1
468,0,0,0,1,0
469,1,1,0,0,1
470,0,0,1,0,1
471,1,1,1,0,1
472,0,0,0,1,0
473,1,1,0,1,0
474,1,1,1,0,1
475,1,1,1,0,1
476,0,0,0,0,1
477,1,1,1,0,1
478,1,1,1,0,1
479,1,1,1,0,1
480,1,1,1,0,1
481,1,1,1,0,1
482,1,0,0,0,1
483,1,1,1,0,1
484,1,0,1,0,1
485,1,1,0,0,1
486,1,0,1,0,1
487,1,1,0,0,1
488,1,1,1,0,1
489,1,1,1,0,1
490,1,1,0,0,1
491,1,1,0,0,1
492,0,0,0,1,0
493,1,1,1,0,1
494,1,0,1,0,1
495,0,0,1,0,1
496,1,1,1,0,1
497,1,1,1,1,0
498,1,0,1,1,0
499,0,0,0,1,0
500,0,0,0,0,1
501,1,1,0,0,1
502,1,0,1,0,1
503,1,1,1,1,0
504,1,0,1,0,1
505,0,0,0,0,1
506,1,0,0,0,1
507,0,1,0,0,1
508,1,1,1,0,1
509,0,0,0,0,1
510,1,1,1,0,1
511,0,1,1,0,1
512,1,1,1,0,1
513,0,0,0,0,1
514,1,1,1,0,1
515,1,1,1,0,1
516,1,1,1,0,1
517,1,1,0,0,1
518,1,1,1,0,1
519,1,1,1,0,1
520,1,1,1,0,1
521,0,0,0,1,0
522,1,0,1,0,1
523,1,1,1,0,1
524,1,1,1,1,0
525,1,1,1,0,1
526,0,0,0,0,1
527,0,0,0,0,0
528,0,1,0,1,0
529,0,0,0,0,1
530,1,1,1,0,1
531,1,1,0,0,1
532,1,1,1,0,1
533,1,1,1,0,1
534,1,1,1,0,1
535,1,1,1,0,1
536,0,0,0,0,1
537,1,1,1,1,0
538,1,1,1,0,1
539,1,1,0,0,1
540,1,1,1,0,1
541,1,1,1,0,1
542,1,1,0,1,0
543,1,1,1,0,1
544,1,1,1,0,1
545,1,1,1,0,1
546,1,1,1,0,1
547,1,1,1,1,0
548,1,1,1,1,0
549,1,1,0,0,1
550,1,0,1,0,1
551,1,1,1,0,1
552,0,0,0,0,1
553,1,1,1,1,0
554,0,0,0,0,1
555,1,1,1,1,0
556,1,1,1,0,1
557,1,1,1,0,1
558,1,1,1,0,1
559,1,1,1,0,1
560,1,1,0,1,0
561,1,0,1,0,1
562,1,0,1,0,1
563,1,1,0,0,1
564,0,1,0,1,0
565,0,0,0,1,0
566,1,1,1,1,0
567,1,1,1,1,0
568,0,0,0,0,1
569,1,1,1,0,1
570,1,1,1,0,1
571,1,0,1,1,0
572,1,0,1,1,0
573,1,0,1,0,1
574,1,0,1,1,0
575,1,1,1,0,1
576,1,0,1,1,0
577,1,1,1,1,0
578,1,0,1,0,1
579,1,1,1,0,1
580,1,1,1,1,0
581,0,0,0,0,1
582,1,1,1,0,1
583,1,0,1,0,1
584,1,0,1,1,0
585,1,1,1,0,1
586,0,0,0,1,0
587,1,1,0,1,0
588,1,1,1,0,1
589,1,0,1,0,1
590,1,1,1,1,0
591,1,1,1,1,0
592,1,1,1,0,1
593,1,0,1,0,1
594,1,1,0,0,1
595,1,0,1,1,0
596,1,1,1,0,1
597,0,0,1,0,1
598,1,0,1,0,1
599,1,0,1,1,0
600,1,0,0,0,1
601,1,1,1,0,0
602,0,0,0,0,0
603,1,1,1,0,1
604,1,1,1,0,1
605,1,0,1,0,1
606,1,1,1,0,1
607,0,0,0,0,0
608,1,0,1,0,1
609,0,1,0,0,1
610,0,1,0,0,1
611,1,0,1,0,1
612,1,1,1,1,0
613,0,0,0,1,0
614,1,1,0,0,1
615,0,0,0,1,0
616,1,0,1,1,0
617,1,1,1,0,1
618,1,0,1,0,1
619,1,1,1,0,1
620,0,0,0,0,1
621,1,0,1,1,0
622,1,0,1,0,1
623,0,0,0,1,0
624,0,0,0,1,0
625,1,0,1,0,1
626,1,1,1,0,1
627,1,1,1,0,1
628,1,1,0,0,1
629,1,1,1,1,0
630,1,0,1,0,1
631,1,0,1,0,1
632,1,1,0,0,1
633,1,0,1,0,1
634,1,1,1,0,1
635,1,1,0,1,0
636,1,0,1,1,0
637,0,0,0,0,1
638,0,0,0,0,0
639,1,1,1,0,1
640,1,0,1,1,0
641,1,1,1,1,0
642,0,0,0,0,1
643,1,1,1,0,1
644,1,1,1,0,1
645,1,0,1,0,1
646,1,1,1,0,1
647,1,1,1,0,1
648,1,0,1,1,0
649,1,1,0,0,1
650,1,0,0,1,0
651,0,0,0,0,1
652,1,1,0,1,0
653,1,1,1,0,1
654,1,1,1,0,1
655,1,0,1,0,1
656,1,1,0,0,1
657,1,0,1,0,1
658,1,0,1,0,1
659,0,0,0,1,0
660,0,0,0,1,0
661,1,0,0,0,1
662,1,1,1,0,1
663,1,0,1,1,0
664,1,0,1,0,1
665,1,1,1,0,1
666,1,0,1,0,1
667,0,0,0,1,0
668,0,0,0,0,0
669,0,0,0,0,1
670,1,1,0,0,1
671,1,1,1,0,1
672,0,0,0,1,0
673,1,1,1,0,1
674,0,0,0,0,0
675,1,1,0,0,1
676,1,1,0,0,1
677,1,1,1,0,1
678,1,0,1,0,1
679,1,1,1,1,0
680,1,1,1,0,1
681,1,1,1,0,1
682,1,1,1,0,1
683,0,0,0,0,1
684,1,1,1,0,1
685,1,1,1,1,0
686,1,1,0,1,0
687,1,0,1,0,1
688,1,0,1,0,1
689,1,1,0,1,0
690,1,0,1,0,1
691,0,0,0,1,0
692,0,1,1,0,1
693,0,0,0,1,0
694,0,0,0,0,1
695,1,0,1,0,1
696,0,0,0,0,1
697,1,0,0,1,0
698,0,0,0,0,1
699,0,1,0,0,1
700,0,0,0,0,1
701,0,0,1,0,1
702,0,1,0,1,0
703,0,0,1,1,0
704,0,0,0,1,0
705,1,0,1,1,0
706,1,0,0,0,1
707,1,1,1,1,0
708,0,0,0,0,1
709,1,0,1,1,0
710,0,0,1,1,0
711,0,0,0,1,0
712,0,0,0,0,1
713,1,1,1,1,0
714,1,0,0,1,0
715,1,1,0,0,1
716,0,0,0,1,0
717,1,0,0,1,0
718,1,1,1,1,0
719,1,0,1,1,0
720,0,0,1,1,0
721,0,0,0,0,1
722,1,0,0,0,1
723,1,0,1,0,1
724,0,0,0,0,1
725,0,0,0,0,1
726,1,0,1,0,1
727,0,0,0,0,1
728,1,0,1,1,0
729,0,0,0,0,1
730,1,0,1,0,1
731,1,0,1,0,1
732,0,1,1,1,0
733,1,1,1,0,0
734,0,0,0,0,0
735,1,0,0,0,1
736,1,1,1,0,0
737,1,0,0,1,0
738,1,0,0,0,1
739,0,0,0,1,0
740,1,0,1,1,0
741,1,1,1,1,0
742,0,0,0,1,0
743,1,0,0,1,0
744,1,0,0,0,1
745,1,0,1,1,0
746,0,1,0,1,0
747,1,0,1,0,1
748,0,1,1,0,1
749,1,1,1,1,0
750,1,0,0,0,1
751,0,0,0,1,0
752,1,0,1,0,1
753,0,0,0,1,0
754,1,0,1,1,0
755,1,1,1,1,0
756,0,0,0,1,0
757,0,1,1,1,0
758,0,0,0,0,0
759,1,0,1,1,0
760,1,1,0,0,1
761,0,0,0,0,1
762,0,0,0,0,1
763,0,0,0,0,1
764,1,0,1,1,0
765,1,0,1,1,0
766,1,0,1,0,1
767,0,0,0,0,1
768,0,0,0,1,0
769,1,0,1,0,1
770,0,0,0,1,0
771,0,0,0,0,1
772,0,0,0,1,0
773,0,0,0,0,1
774,1,0,1,0,1
775,1,0,0,0,1
776,1,1,0,0,1
777,0,0,0,0,1
778,1,1,1,1,0
779,0,0,0,1,0
780,1,1,0,1,0
781,0,0,1,1,0
782,0,0,0,1,0
783,0,0,0,1,0
784,0,0,0,0,0
785,0,1,0,0,1
786,1,0,1,1,0
787,0,0,1,1,0
788,1,1,1,1,0
789,0,1,0,1,0
790,0,0,1,1,0
791,0,0,0,1,0
792,0,1,1,1,0
793,0,0,0,1,0
794,0,0,0,1,0
795,0,0,0,1,0
796,0,1,1,0,1
797,1,0,1,0,1
798,0,0,0,1,0
799,1,0,0,1,0
800,0,0,0,1,0
801,0,0,0,1,0
802,1,0,1,0,1
803,0,0,0,0,1
804,1,0,1,0,1
805,0,0,0,1,0
806,0,0,0,0,1
807,1,0,1,1,0
808,1,0,0,1,0
809,0,1,1,1,0
810,0,0,0,0,1
811,1,0,1,1,0
812,0,0,0,0,0
813,1,1,1,1,0
814,0,0,0,1,0
815,0,0,0,1,0
816,0,0,0,0,1
817,0,0,0,1,0
818,1,0,1,0,1
819,0,0,0,1,0
820,1,0,1,1,0
821,1,0,1,1,0
822,1,0,1,1,0
823,0,0,0,1,0
824,0,0,0,1,0
825,1,1,1,0,1
826,1,0,1,1,0
827,0,0,0,1,0
828,1,0,1,1,0
829,1,1,1,0,1
830,0,0,0,0,0
831,1,0,1,0,1
832,1,0,1,0,1
833,0,0,0,0,1
834,1,0,1,0,1
835,0,0,0,1,0
836,0,0,0,1,0
837,0,0,0,1,0
838,1,1,1,1,0
839,1,1,1,0,1
840,0,0,0,0,1
841,0,0,0,0,0
842,0,0,0,1,0
843,0,0,0,1,0
844,0,0,0,1,0
845,0,0,0,1,0
846,1,0,1,0,1
847,0,0,0,0,1
848,0,0,0,1,0
849,1,0,1,0,1
850,0,0,0,0,1
851,1,0,1,1,0
852,0,0,0,1,0
853,0,0,1,1,0
854,1,0,0,1,0
855,0,0,0,1,0
856,1,1,1,0,1
857,0,0,0,0,1
858,0,0,0,0,1
859,1,1,1,0,1
860,1,1,1,0,1
861,1,1,1,1,0
862,1,1,1,0,1
863,1,0,1,0,1
864,0,0,0,0,1
865,1,0,0,0,1
866,0,0,0,0,1
867,1,1,0,1,0
868,0,1,0,0,1
869,0,0,0,0,1
870,1,0,1,0,1
871,1,0,0,1,0
872,0,0,0,1,0
873,0,1,1,0,1
874,0,1,1,0,1
875,0,0,0,0,0
876,1,0,0,0,1
877,1,1,1,0,1
878,0,0,0,0,1
879,0,0,0,0,1
880,0,0,0,1,0
881,1,0,1,0,1
882,0,0,0,1,0
883,0,0,0,0,1
884,1,0,1,1,0
885,0,1,1,1,0
886,0,0,0,1,0
887,0,0,0,0,1
888,1,1,1,0,1
889,0,0,0,0,1
890,1,0,1,1,0
891,0,0,0,0,1
892,0,0,0,0,1
893,1,1,0,0,1
894,0,0,0,0,1
895,1,0,1,0,1
896,1,1,1,0,1
897,0,0,0,1,0
898,1,0,1,0,1
899,0,0,0,1,0
900,1,1,0,0,1
901,0,0,0,0,1
902,1,0,1,0,1
903,0,0,0,0,1
904,0,1,1,0,1
905,1,0,0,0,1
906,0,0,0,0,1
907,0,0,0,1,0
908,1,1,1,1,0
909,1,1,1,0,1
910,0,0,0,1,0
911,0,0,0,1,0
912,0,0,0,0,1
913,1,1,1,0,1
914,1,1,1,0,1
915,1,1,1,0,1
916,1,0,1,1,0
917,1,0,1,0,1
918,1,1,0,1,0
919,1,0,1,1,0
920,1,0,1,1,0
921,1,0,1,0,1
922,1,0,1,0,1
923,0,0,0,1,0
924,1,0,1,0,1
925,1,1,1,1,0
926,0,0,0,0,1
927,0,0,0,0,1
928,0,1,0,0,1
929,0,0,0,0,1
930,1,1,1,0,1
931,1,1,1,0,1
932,1,0,1,0,1
933,1,1,1,1,0
934,1,1,1,0,1
935,1,1,1,0,1
936,1,1,0,0,1
937,1,0,1,1,0
938,0,0,0,1,0
939,1,1,1,0,1
940,1,0,0,0,1
941,1,0,1,1,0
942,1,1,1,0,1
943,1,0,0,0,1
944,1,0,1,0,1
945,1,0,1,0,1
946,1,1,0,1,0
947,1,1,1,1,0
948,1,1,0,0,1
949,1,0,1,0,1
950,1,1,1,0,1
951,0,1,1,0,1
952,1,0,1,0,1
953,1,0,1,1,0
954,1,0,1,1,0
955,0,0,0,0,1
956,0,1,1,0,1
957,1,0,1,0,1
958,0,0,0,0,1
959,1,0,0,1,0
960,1,0,1,0,1
961,1,1,1,0,1
962,1,1,1,0,1
963,1,1,1,0,1
964,1,0,1,0,1
965,1,0,1,1,0
966,1,0,1,0,1
967,0,0,0,1,0
968,1,1,1,0,1
969,0,0,0,0,1
970,0,1,0,0,1
971,1,0,1,0,1
972,0,0,0,1,0
973,0,0,0,0,1
974,1,0,1,1,0
975,1,1,1,0,1
976,1,1,1,0,1
977,1,0,0,0,1
978,1,0,1,0,1
979,1,0,1,0,1
980,1,0,1,0,1
981,1,0,1,0,1
982,0,0,0,1,0
983,0,0,0,1,0
984,0,0,1,0,1
985,0,0,1,0,1
986,1,0,1,0,1
987,1,0,1,0,1
988,1,0,1,0,1
989,1,0,1,1,0
990,0,0,0,0,1
991,0,0,0,0,0
992,1,0,1,0,1
993,1,0,1,1,0
994,1,0,1,1,0
995,1,0,1,0,1
996,0,0,0,0,1
997,1,0,1,0,1
998,1,0,1,0,1
999,1,0,1,1,0
1000,0,0,1,1,0
1001,1,0,1,1,0
1002,0,0,0,1,0
1003,1,1,1,0,1
1004,1,0,1,1,0
1005,1,0,1,0,1
1006,0,1,1,0,1
1007,1,0,1,0,1
1008,1,0,1,0,1
1009,0,0,1,1,0
1010,0,0,0,0,1
1011,1,0,0,0,1
1012,0,0,0,1,0
1013,0,0,0,0,1
1014,1,1,1,0,1
1015,1,0,1,0,1
1016,1,1,1,0,1
1017,0,0,0,1,0
1018,1,0,1,1,0
1019,1,1,1,0,1
1020,1,1,1,0,1
1021,1,1,1,0,1
1022,1,1,1,0,1
1023,1,0,1,1,0
1024,0,0,0,1,0
1025,1,1,1,0,1
1026,1,0,1,0,1
1027,1,0,1,0,1
1028,1,0,0,1,0
1029,1,0,1,0,1
1030,1,1,1,0,1
1031,0,0,0,0,1
1032,1,0,1,0,1
1033,1,1,1,0,1
1034,0,0,0,1,0
1035,1,0,1,0,1
1036,1,0,1,1,0
1037,1,0,1,0,1
1038,0,0,0,1,0
1039,0,0,0,1,0
1040,1,0,1,1,0
1041,1,0,1,0,1
1042,0,0,0,0,1
1043,0,0,0,1,0
1044,1,0,1,0,1
1045,1,1,1,0,1
1046,1,0,1,1,0
1047,1,0,1,1,0
1048,1,0,1,0,1
1049,0,0,0,0,1
1050,1,0,0,0,1
1051,1,0,1,0,1
1052,1,0,1,0,1
1053,0,0,0,0,1
1054,1,1,1,0,1
1055,1,0,0,1,0
1056,1,0,1,1,0
1057,0,0,0,0,1
1058,0,0,0,0,1
1059,1,0,1,0,1
1060,1,1,1,1,0
1061,0,0,0,0,1
1062,1,0,1,0,1
1063,1,0,0,1,0
1064,1,1,1,0,1
1065,0,0,0,1,0
1066,1,0,1,0,1
1067,1,0,1,1,0
1068,0,0,0,0,1
1069,0,0,0,1,0
1070,1,0,1,0,1
1071,1,0,1,0,1
1072,1,0,0,0,0
1073,1,1,1,0,1
1074,1,0,1,0,1
1075,1,1,1,0,1
1076,1,1,1,1,0
1077,1,0,1,0,1
1078,1,0,1,0,1
1079,0,0,0,1,0
1080,0,0,0,0,0
1081,0,1,1,0,1
1082,1,0,1,0,1
1083,1,0,1,0,1
1084,1,1,0,0,1
1085,1,1,1,0,1
1086,1,0,1,0,1
1087,1,0,1,0,1
1088,0,0,0,0,1
1089,0,0,0,0,1
1090,1,0,1,0,1
1091,0,0,0,0,0
1092,1,0,1,1,0
1093,1,0,0,0,1
1094,1,0,0,1,0
1095,1,0,1,0,1
1096,1,1,0,0,1
1097,1,0,1,0,1
1098,0,0,0,0,1
1099,1,0,1,0,1
1100,1,1,1,0,1
1101,1,1,1,0,0
1102,0,0,1,0,1
1103,1,0,1,1,0
1104,1,1,1,0,1
1105,0,0,0,0,1
1106,1,0,1,0,1
1107,1,0,1,0,1
1108,1,0,1,0,1
1109,1,0,1,0,1
1110,1,1,1,0,1
1111,1,1,1,0,1
1112,1,0,1,0,1
1113,1,1,1,0,1
1114,1,1,1,0,1
1115,1,0,1,0,1
1116,0,0,0,0,1
1117,1,0,0,1,0
1118,1,0,1,0,1
1119,1,1,1,1,0
1120,1,1,1,0,1
1121,1,0,0,0,1
1122,1,1,1,0,1
1123,1,0,0,0,1
1124,1,0,1,1,0
1125,1,0,1,1,0
1126,1,0,1,0,1
1127,1,0,1,1,0
1128,1,1,1,0,1
1129,1,0,1,0,1
1130,1,0,0,1,0
1131,1,0,1,0,1
1132,1,0,1,0,1
1133,0,0,0,1,0
1134,0,0,0,1,0
1135,1,1,1,0,1
1136,1,1,0,0,1
1137,0,0,0,1,0
1138,1,0,1,0,1
1139,1,1,1,0,1
1140,0,0,0,1,0
1141,1,0,1,1,0
1142,1,1,1,1,0
1143,1,0,1,0,1
1144,0,0,0,0,1
1145,1,1,1,1,0
1146,1,0,1,0,1
1147,1,0,1,0,1
1148,1,0,1,1,0
1149,1,0,0,1,0
1150,1,0,0,1,0
1151,1,0,1,0,1
1152,1,1,1,0,1
1153,1,0,1,0,1
1154,1,0,1,0,1
1155,0,0,0,1,0
1156,1,0,1,1,0
1157,1,0,0,1,0
1158,1,0,1,0,1
1159,1,0,1,0,1
1160,1,0,1,0,1
1161,1,1,1,0,1
1162,1,1,1,1,0
1163,1,0,0,0,1
1164,1,0,1,0,1
1165,1,0,1,0,1
1166,1,0,1,0,1
1167,1,0,1,0,1
1168,1,0,1,0,1
1169,1,0,0,1,0
1170,1,0,1,0,1
1171,1,1,1,0,1
1172,1,0,1,0,1
1173,1,0,1,1,0
1174,0,0,0,1,0
1175,1,0,1,0,1
1176,0,0,0,0,1
1177,0,0,0,0,1
1178,0,0,0,0,1
1179,1,1,1,0,1
1180,1,0,1,0,1
1181,1,1,1,1,0
1182,1,0,1,1,0
1183,1,0,1,0,1
1184,1,0,1,0,1
1185,1,0,1,0,1
1186,1,0,1,0,1
1187,0,0,0,0,1
1188,1,0,1,0,1
1189,1,1,0,0,1
1190,1,0,1,0,1
1191,0,0,0,1,0
1192,1,1,1,1,0
1193,1,1,1,0,1
1194,1,0,1,1,0
1195,1,1,1,0,1
1196,1,0,1,1,0
1197,1,0,1,1,0
1198,1,0,1,1,0
1199,1,0,1,0,1
1200,0,0,0,1,0
1201,1,0,1,1,0
1202,1,1,1,0,1
1203,1,1,1,0,1
1204,1,1,1,1,0
1205,1,0,1,0,1
1206,1,0,1,0,1
1207,1,0,1,0,1
1208,0,0,0,1,0
1209,1,1,1,0,1
1210,0,0,0,0,0
1211,1,0,1,1,0
1212,0,1,0,1,0
1213,1,0,1,0,1
1214,1,0,0,1,0
1215,1,0,1,1,0
1216,0,0,0,0,1
1217,1,0,1,0,1
1218,1,1,1,0,1
1219,1,0,1,0,1
1220,0,1,0,1,0
1221,0,0,0,0,1
1222,1,0,1,0,1
1223,1,1,1,0,1
1224,1,1,0,0,1
1225,1,0,1,0,1
1226,0,0,0,0,1
1227,1,1,1,0,1
1228,1,0,1,1,0
1229,1,0,1,0,1
1230,1,0,1,0,1
1231,1,1,1,0,1
1232,1,1,1,0,1
1233,1,0,1,1,0
1234,1,0,1,1,0
1235,1,0,1,1,0
1236,1,0,1,0,1
1237,1,1,1,1,0
1238,1,0,1,0,1
1239,0,1,0,0,1
1240,1,1,1,1,0
1241,0,0,0,0,1
1242,1,0,1,0,1
1243,1,1,1,1,0
1244,1,0,1,0,1
1245,0,0,0,0,1
1246,1,1,1,0,1
1247,1,0,1,0,1
1248,1,0,1,0,1
1249,1,0,1,0,1
1250,1,0,1,0,1
1251,0,0,0,0,1
1252,1,1,1,0,1
1253,0,0,0,1,0
1254,0,0,0,1,0
1255,1,0,1,1,0
1256,1,0,0,0,1
1257,1,0,1,1,0
1258,1,1,1,0,1
1259,1,1,0,0,1
1260,0,0,0,0,1
1261,1,1,1,0,1
1262,1,1,1,0,1
1263,1,0,0,0,1
1264,1,0,1,0,1
1265,1,0,1,0,1
1266,0,0,0,1,0
1267,1,0,1,0,1
1268,0,0,0,0,0
1269,1,0,1,0,1
1270,1,0,0,1,0
1271,1,1,1,1,0
1272,1,0,1,0,1
1273,0,0,0,1,0
1274,1,1,1,1,0
1275,1,0,1,0,1
1276,1,1,0,1,0
1277,1,0,1,0,1
1278,1,1,1,0,1
1279,1,0,1,0,1
1280,1,0,1,0,1
1281,1,1,1,0,1
1282,1,0,1,0,1
1283,0,0,0,0,1
1284,1,1,1,1,0
1285,1,0,1,1,0
1286,0,0,0,0,1
1287,1,0,1,1,0
1288,1,0,1,0,1
1289,0,0,0,1,0
1290,1,1,0,1,0
1291,1,0,1,0,1
1292,1,0,1,0,1
1293,1,1,0,0,1
1294,1,1,1,0,1
1295,1,1,0,1,0
1296,1,1,1,0,1
1297,1,1,1,0,1
1298,0,0,0,0,1
1299,1,0,1,0,1
1300,1,1,0,0,1
1301,1,1,0,0,1
1302,1,0,1,0,1
1303,1,0,1,1,0
1304,1,0,1,0,1
1305,1,0,1,0,1
1306,1,0,1,0,1
1307,1,1,0,0,1
1308,1,0,1,0,1
1309,1,0,1,1,0
1310,1,0,1,0,1
1311,1,0,1,0,1
1312,1,0,1,1,0
1313,1,0,1,0,1
1314,1,0,0,0,1
1315,0,0,1,1,0
1316,0,0,1,0,1
1317,0,0,0,0,1
1318,1,1,1,0,1
1319,1,1,1,1,0
1320,1,1,0,0,1
1321,1,0,1,1,0
1322,1,1,1,0,1
1323,0,0,0,0,1
1324,1,1,1,1,0
1325,1,1,0,0,1
1326,0,0,0,1,0
1327,1,0,1,1,0
1328,0,0,0,0,1
1329,1,1,1,1,0
1330,1,0,1,1,0
1331,1,0,1,1,0
1332,1,1,1,0,1
1333,1,0,1,0,1
1334,1,0,1,0,1
1335,1,0,1,1,0
1336,1,0,1,1,0
1337,0,1,0,0,1
1338,1,0,1,0,1
1339,1,0,0,1,0
1340,1,0,1,0,1
1341,1,0,1,0,1
1342,1,1,1,1,0
1343,1,1,1,0,1
1344,1,1,0,0,1
1345,1,0,1,0,1
1346,0,0,1,0,1
1347,0,0,0,0,1
1348,1,0,0,0,1
1349,1,1,1,0,1
1350,1,0,1,0,1
1351,0,0,0,0,1
1352,1,0,1,0,1
1353,1,1,1,0,1
1354,1,0,1,0,1
1355,1,0,1,0,1
1356,0,1,1,0,1
1357,1,1,1,0,1
1358,0,0,0,1,0
1359,1,0,1,0,1
1360,1,1,1,0,1
1361,1,0,1,0,1
1362,1,1,1,0,1
1363,1,0,1,0,1
1364,1,0,1,0,1
1365,0,0,0,1,0
1366,1,0,1,0,1
1367,1,0,1,0,1
1368,0,0,0,0,1
1369,1,0,1,0,1
1370,1,0,1,1,0
1371,1,0,1,0,1
1372,1,1,0,1,0
1373,1,0,1,0,1
1374,1,1,0,0,1
1375,1,0,1,0,1
1376,1,0,1,1,0
1377,1,0,1,0,1
1378,1,1,1,1,0
1379,1,1,1,0,1
1380,1,0,1,1,0
1381,1,0,1,1,0
1382,1,0,1,0,1
1383,1,0,1,1,0
1384,1,0,1,1,0
1385,1,1,1,0,1
1386,0,0,0,0,1
1387,1,1,1,0,1
1388,1,0,1,0,1
1389,1,0,0,0,1
1390,1,0,1,0,1
1391,1,1,1,0,1
1392,1,0,1,0,1
1393,1,0,1,0,1
1394,1,1,1,1,0
1395,1,0,0,1,0
1396,1,0,1,1,0
1397,1,0,1,1,0
1398,0,0,0,1,0
1399,1,0,1,0,1
1400,1,1,1,1,0
1401,1,0,0,0,1
1402,1,0,1,1,0
1403,1,1,0,1,0
1404,1,0,1,0,1
1405,1,1,1,1,0
1406,1,0,1,0,1
1407,1,1,1,0,1
1408,1,1,1,0,1
1409,0,0,0,0,1
1410,1,1,1,0,1
1411,0,0,0,1,0
1412,0,0,0,0,1
1413,1,0,1,1,0
1414,0,0,0,0,0
1415,1,0,0,0,1
1416,1,0,1,0,1
1417,1,0,1,1,0
1418,1,1,1,0,1
1419,0,0,0,1,0
1420,1,0,1,0,1
1421,1,1,1,0,1
1422,1,0,0,0,1
1423,1,1,1,1,0
1424,1,1,1,0,1
1425,1,1,1,1,0
1426,1,0,1,0,1
1427,1,1,1,1,0
1428,1,1,1,0,1
1429,1,1,1,0,1
1430,1,1,1,0,1
1431,1,1,1,0,1
1432,1,1,1,0,1
1433,1,1,1,1,0
1434,0,0,0,1,0
1435,1,0,1,0,1
1436,0,0,0,0,1
1437,1,0,0,1,0
1438,1,0,1,0,1
1439,1,0,1,0,1
1440,1,0,1,1,0
1441,0,0,0,1,0
1442,1,0,1,1,0
1443,1,0,1,0,1
1444,0,1,1,0,1
1445,1,1,1,1,0
1446,1,1,0,1,0
1447,0,0,0,1,0
1448,1,0,1,0,1
1449,1,0,1,0,1
1450,1,1,1,0,1
1451,1,0,1,1,0
1452,1,1,0,0,1
1453,1,0,1,0,1
1454,0,0,1,0,1
1455,0,0,0,1,0
1456,1,0,1,0,1
1457,1,0,1,1,0
1458,1,0,1,1,0
1459,1,0,1,0,1
1460,1,0,1,0,1
1461,0,0,0,0,1
1462,1,0,1,0,1
1463,1,0,0,1,0
1464,1,1,1,1,0
1465,1,1,1,0,1
1466,1,0,1,1,0
1467,1,1,1,0,1
1468,1,1,1,0,1
1469,1,0,1,0,1
1470,1,0,1,0,1
1471,1,1,1,0,1
1472,0,0,0,0,1
1473,1,1,1,0,1
1474,1,0,1,1,0
1475,1,1,1,1,0
1476,1,0,1,1,0
1477,1,0,0,1,0
1478,1,1,1,1,0
1479,1,0,1,0,1
1480,1,0,0,0,1
1481,1,0,1,0,1
1482,1,0,0,0,1
1483,1,0,1,1,0
1484,1,1,1,0,1
1485,1,1,1,1,0
1486,0,1,1,0,1
1487,1,0,1,1,0
1488,1,0,1,1,0
1489,1,0,1,1,0
1490,1,0,1,0,1
1491,1,0,1,0,1
1492,1,1,1,1,0
1493,0,0,0,1,0
1494,0,1,1,0,1
1495,1,0,1,1,0
1496,1,1,1,0,1
1497,1,1,1,1,0
1498,1,1,0,1,0
1499,1,0,1,0,1
1500,1,0,1,0,1
1501,1,0,1,0,1
1502,1,0,1,0,1
1503,1,0,1,0,1
1504,1,0,1,0,1
1505,0,0,0,1,0
1506,0,0,0,1,0
1507,1,0,1,0,1
1508,0,0,0,1,0
1509,1,0,0,1,0
1510,1,1,0,1,0
1511,1,1,0,1,0
1512,1,1,1,0,1
1513,1,0,1,0,1
1514,0,0,0,0,1
1515,1,1,1,1,0
1516,1,0,0,0,1
1517,1,0,1,0,1
1518,1,1,0,1,0
1519,0,0,0,1,0
1520,1,0,0,0,1
1521,1,0,1,1,0
1522,0,0,0,1,0
1523,0,0,0,1,0
1524,1,0,1,0,0
1525,1,0,1,0,1
1526,0,0,0,1,0
1527,0,0,0,0,1
1528,1,1,1,0,1
1529,1,1,1,0,1
1530,1,0,1,1,0
1531,1,1,1,0,1
1532,1,0,1,1,0
1533,0,0,0,0,1
1534,0,0,0,0,1
1535,1,0,1,0,1
1536,1,0,1,0,1
1537,1,1,0,1,0
1538,1,0,0,0,1
1539,1,1,1,0,1
1540,0,0,0,1,0
1541,1,0,1,0,1
1542,1,0,1,0,1
1543,1,1,0,0,1
1544,1,0,1,0,1
1545,1,1,1,0,1
1546,1,1,1,0,1
1547,1,0,1,0,1
1548,1,1,1,0,1
1549,1,1,1,0,1
1550,1,1,1,1,0
1551,1,0,1,1,0
1552,1,0,1,1,0
1553,1,1,1,0,1
1554,1,0,1,0,1
1555,0,0,0,0,1
1556,1,0,1,1,0
1557,1,0,1,0,1
1558,1,0,1,0,1
1559,1,0,0,1,0
1560,1,0,0,1,0
1561,1,1,1,0,1
1562,1,0,1,0,1
1563,1,0,1,1,0
1564,1,0,1,0,1
1565,1,1,1,0,1
1566,1,1,1,1,0
1567,0,1,0,1,0
1568,1,1,1,1,0
1569,0,1,0,0,1
1570,1,0,1,0,1
1571,1,0,1,0,1
1572,1,1,1,0,1
1573,1,1,1,0,1
1574,1,1,0,0,1
1575,1,0,1,0,1
1576,1,0,1,1,0
1577,1,1,1,0,1
1578,1,0,1,0,1
1579,0,0,0,0,1
1580,1,0,1,1,0
1581,0,0,0,1,0
1582,1,0,1,0,1
1583,1,0,1,0,1
1584,1,1,1,0,1
1585,1,1,1,1,0
1586,1,0,1,1,0
1587,1,1,1,0,1
1588,1,1,0,0,1
1589,1,0,1,1,0
1590,0,0,0,1,0
1591,1,0,1,0,1
1592,1,1,0,1,0
1593,0,0,0,1,0
1594,1,0,1,1,0
1595,1,0,1,1,0
1596,1,1,1,0,1
1597,0,0,0,1,0
1598,1,0,1,1,0
1599,0,1,0,0,1
1600,1,1,1,0,1
1601,0,0,0,0,1
1602,0,1,0,0,1
1603,1,0,1,0,1
1604,1,0,1,0,1
1605,1,0,1,1,0
1606,1,1,1,0,1
1607,0,0,0,0,1
1608,1,0,1,0,1
1609,1,1,1,0,1
1610,1,1,1,0,1
1611,0,1,1,0,1
1612,1,1,1,1,0
1613,1,0,1,1,0
1614,1,0,1,1,0
1615,1,1,1,0,1
1616,0,1,0,1,0
1617,0,0,0,1,0
1618,1,1,1,1,0
1619,1,0,1,1,0
1620,1,0,1,0,1
1621,1,0,1,0,1
1622,1,0,1,0,1
1623,1,0,1,1,0
1624,1,1,0,0,1
1625,1,1,1,0,1
1626,1,0,1,1,0
1627,1,0,0,1,0
1628,1,0,1,0,1
1629,1,1,1,0,1
1630,1,0,1,0,1
1631,1,0,1,0,1
1632,1,1,1,0,1
1633,1,0,1,0,1
1634,0,0,1,0,1
1635,1,0,1,0,1
1636,1,1,1,0,1
1637,0,0,0,1,0
1638,0,0,0,1,0
1639,1,1,1,0,1
1640,0,0,1,0,1
1641,1,0,1,0,1
1642,0,0,0,0,1
1643,1,0,0,1,0
1644,1,0,1,1,0
1645,1,1,1,0,1
1646,1,0,1,0,1
1647,1,0,1,1,0
1648,1,0,1,1,0
1649,1,0,1,0,1
1650,1,0,1,0,1
1651,0,0,0,1,0
1652,1,0,1,0,1
1653,1,0,1,0,1
1654,1,0,0,1,0
1655,0,0,0,1,0
1656,1,0,1,0,1
1657,0,0,0,1,0
1658,1,0,1,0,1
1659,1,1,1,1,0
1660,1,1,1,0,1
1661,1,1,1,1,0
1662,1,0,0,1,0
1663,1,0,1,0,1
1664,0,0,0,0,1
1665,1,0,1,1,0
1666,0,0,0,0,1
1667,1,0,1,0,1
1668,1,0,1,0,1
1669,0,0,0,0,1
1670,1,0,1,0,1
1671,0,0,0,0,1
1672,1,0,1,0,1
1673,1,0,1,0,1
1674,0,0,0,1,0
1675,1,0,1,0,1
1676,1,1,0,0,1
1677,1,1,1,0,1
1678,1,1,1,0,1
1679,1,0,1,0,1
1680,1,0,1,1,0
1681,1,0,1,0,1
1682,1,0,1,1,0
1683,1,0,1,0,1
1684,1,1,1,0,1
1685,0,0,0,0,1
1686,1,0,1,0,1
1687,1,1,0,0,1
1688,0,0,0,0,1
1689,0,0,0,0,1
1690,0,0,0,0,1
1691,1,0,1,0,1
1692,1,1,1,1,0
1693,1,1,1,0,1
1694,1,1,1,1,0
1695,1,1,1,0,1
1696,1,1,1,0,1
1697,1,1,0,1,0
1698,1,1,0,1,0
1699,1,1,1,0,1
1700,0,0,0,1,0
1701,1,1,1,0,1
1702,1,1,1,1,0
1703,1,1,1,0,1
1704,1,0,1,1,0
1705,0,0,0,1,0
1706,1,0,1,1,0
1707,1,0,1,1,0
1708,1,0,0,0,1
1709,1,1,1,0,1
1710,1,0,1,1,0
1711,1,1,1,1,0
1712,1,0,1,1,0
1713,1,1,0,0,1
1714,0,0,0,0,1
1715,1,1,1,1,0
1716,0,0,0,1,0
1717,1,1,1,1,0
1718,1,1,1,0,1
1719,1,1,1,0,1
1720,1,1,1,0,1
1721,1,0,1,0,1
1722,1,0,1,1,0
1723,1,0,0,0,0
1724,1,0,1,1,0
1725,1,0,1,1,0
1726,1,1,1,0,1
1727,1,1,1,0,1
1728,1,0,1,1,0
1729,1,0,1,0,1
1730,1,0,1,0,1
1731,1,1,1,0,1
1732,1,0,1,1,0
1733,1,0,1,0,1
1734,0,0,0,0,1
1735,1,0,0,1,0
1736,1,0,1,1,0
1737,1,0,1,0,1
1738,1,0,1,0,1
1739,0,0,0,1,0
1740,0,0,0,0,1
1741,1,0,1,1,0
1742,1,0,1,0,1
1743,1,1,1,1,0
1744,1,1,1,0,1
1745,1,0,1,0,1
1746,1,1,1,0,1
1747,0,0,0,0,1
1748,1,0,1,0,1
1749,1,0,1,1,0
1750,1,1,1,1,0
1751,1,0,1,1,0
1752,1,0,1,1,0
1753,1,0,1,1,0
1754,0,0,0,1,0
1755,1,0,0,1,0
1756,1,0,1,0,1
1757,1,0,1,0,1
1758,0,0,0,0,1
1759,1,0,0,0,1
1760,1,1,1,0,1
1761,1,1,1,0,1
1762,1,0,1,1,0
1763,1,1,1,0,1
1764,1,0,1,0,1
1765,1,0,1,0,1
1766,1,0,0,1,0
1767,1,0,1,0,1
1768,1,1,1,1,0
1769,1,0,0,1,0
1770,1,0,1,0,1
1771,0,1,0,0,1
1772,1,0,1,1,0
1773,1,1,0,1,0
1774,1,0,0,1,0
1775,0,0,0,1,0
1776,1,0,1,0,1
1777,1,1,1,0,1
1778,1,1,1,0,1
1779,1,1,1,1,0
1780,0,0,0,0,1
1781,0,0,1,0,1
1782,1,0,1,0,1
1783,1,0,1,0,1
1784,1,0,1,0,1
1785,0,0,0,1,0
1786,1,0,1,0,1
1787,0,0,0,1,0
1788,1,1,1,0,1
1789,1,0,1,0,1
1790,0,0,0,1,0
1791,1,1,0,1,0
1792,1,0,1,0,1
1793,0,0,0,1,0
1794,1,1,1,0,1
1795,0,0,0,0,1
1796,1,0,1,0,1
1797,0,0,0,1,0
1798,1,1,1,0,1
1799,1,0,1,1,0
1800,1,1,1,0,1
1801,1,1,1,1,0
1802,0,0,0,0,1
1803,0,0,0,0,1
1804,1,0,1,0,1
1805,1,1,1,1,0
1806,1,0,1,1,0
1807,1,1,1,0,1
1808,0,0,0,1,0
1809,1,0,1,0,1
1810,1,0,1,0,1
1811,1,1,1,0,1
1812,1,0,1,1,0
1813,0,0,0,0,1
1814,1,1,1,0,1
1815,1,0,1,0,1
1816,1,1,1,0,1
1817,0,0,0,1,0
1818,1,0,1,0,1
1819,1,0,1,0,1
1820,1,0,1,0,1
1821,1,0,1,1,0
1822,1,0,1,1,0
1823,1,0,1,0,1
1824,1,0,1,1,0
1825,1,1,1,0,1
1826,1,0,1,0,1
1827,0,0,0,1,0
1828,1,0,1,0,1
1829,1,1,1,0,1
1830,1,1,1,0,1
1831,0,0,0,0,1
1832,1,0,1,0,1
1833,1,0,1,0,1
1834,1,0,1,1,0
1835,1,1,1,1,0
1836,0,0,0,1,0
1837,1,1,1,0,1
1838,0,0,0,1,0
1839,1,0,1,1,0
1840,1,1,1,0,1
1841,1,0,1,1,0
1842,1,0,0,0,1
1843,1,0,1,0,1
1844,1,1,1,0,1
1845,1,0,1,0,1
1846,1,0,1,1,0
1847,0,0,0,0,1
1848,1,0,1,1,0
1849,0,0,0,1,0
1850,1,0,1,0,1
1851,1,0,1,0,1
1852,0,0,0,0,1
1853,1,0,1,1,0
1854,1,0,1,0,1
1855,0,0,0,1,0
1856,1,0,0,0,0
1857,1,0,1,0,1
1858,0,0,0,1,0
1859,1,0,1,0,1
1860,1,0,0,0,1
1861,1,0,1,0,1
1862,1,1,1,0,1
1863,1,0,1,0,1
1864,1,0,1,0,1
1865,1,0,1,1,0
1866,0,0,0,0,1
1867,1,0,1,0,1
1868,1,0,1,0,1
1869,1,0,1,1,0
1870,1,1,1,0,1
1871,0,0,1,0,1
1872,1,1,1,0,1
1873,1,1,1,0,1
1874,1,0,1,0,1
1875,1,1,1,1,0
1876,1,0,1,0,1
1877,1,0,1,0,1
1878,1,1,1,1,0
1879,1,0,1,1,0
1880,1,1,1,0,1
1881,1,1,1,1,0
1882,1,1,1,1,0
1883,0,0,0,0,1
1884,1,1,1,0,1
1885,1,0,1,0,1
1886,1,1,1,1,0
1887,1,0,1,0,1
1888,1,1,1,0,1
1889,0,0,0,0,1
1890,1,0,1,1,0
1891,1,0,1,0,1
1892,1,0,1,0,1
1893,1,1,1,1,0
1894,1,1,1,0,1
1895,1,0,1,0,1
1896,1,1,1,0,1
1897,1,0,1,0,1
1898,1,0,1,0,1
1899,1,0,1,0,1
1900,1,0,1,1,0
1901,1,0,1,1,0
1902,1,0,1,1,0
1903,1,1,1,0,1
1904,1,0,0,0,1
1905,0,0,0,0,1
1906,0,0,0,0,1
1907,1,0,1,0,1
1908,1,0,1,0,1
1909,1,0,1,1,0
1910,1,1,1,0,1
1911,1,0,1,1,0
1912,1,1,1,0,1
1913,1,0,1,0,1
1914,1,0,1,0,1
1915,0,0,0,0,1
1916,0,0,0,1,0
1917,1,1,1,0,1
1918,1,0,1,1,0
1919,0,0,0,1,0
1920,0,0,0,1,0
1921,1,0,1,1,0
1922,1,0,1,0,1
1923,1,1,1,0,1
1924,1,0,1,0,1
1925,1,0,1,1,0
1926,1,0,1,1,0
1927,0,0,0,1,0
1928,0,0,1,1,0
1929,1,1,1,1,0
1930,0,0,0,1,0
1931,1,0,1,0,1
1932,1,1,1,0,1
1933,1,0,1,0,1
1934,1,0,1,0,1
1935,1,0,1,1,0
1936,1,0,1,0,1
1937,1,0,1,0,1
1938,1,1,1,1,0
1939,1,1,1,0,1
1940,1,0,1,1,0
1941,1,0,1,0,1
1942,1,0,1,1,0
1943,1,1,1,0,1
1944,1,1,1,1,0
1945,1,0,1,1,0
1946,0,0,1,0,1
1947,1,1,1,0,1
1948,1,0,1,0,1
1949,1,0,1,1,0
1950,0,0,0,0,1
1951,1,0,1,1,0
1952,0,0,0,0,1
1953,1,0,1,0,1
1954,1,1,1,1,0
1955,1,0,1,0,1
1956,0,1,0,0,1
1957,1,0,1,0,1
1958,1,0,1,1,0
1959,1,1,1,0,1
1960,1,0,1,1,0
1961,0,0,0,1,0
1962,1,1,1,0,1
1963,1,0,0,1,0
1964,1,0,1,0,1
1965,0,0,0,1,0
1966,1,0,1,0,1
1967,1,1,1,0,1
1968,1,0,1,1,0
1969,1,0,1,1,0
1970,1,1,1,1,0
1971,1,1,1,1,0
1972,0,0,0,0,1
1973,1,0,1,0,1
1974,1,1,1,1,0
1975,1,0,1,0,1
1976,1,0,1,1,0
1977,1,0,1,0,1
1978,1,0,1,0,1
1979,1,0,1,0,1
1980,0,0,0,0,1
1981,1,0,1,1,0
1982,0,0,0,1,0
1983,0,1,1,0,1
1984,1,0,1,0,1
1985,1,1,1,1,0
1986,0,1,1,0,1
1987,1,0,1,1,0
1988,1,0,1,1,0
1989,1,0,1,0,1
1990,1,0,0,1,0
1991,1,0,1,0,1
1992,1,0,1,0,1
1993,1,0,1,1,0
1994,1,1,1,0,1
1995,1,0,1,0,1
1996,1,1,0,1,0
1997,1,0,1,1,0
1998,1,0,1,0,1
1999,1,0,1,0,1
2000,1,0,1,0,1
2001,0,0,0,0,1
2002,0,0,0,0,1
2003,1,1,1,1,0
2004,0,0,0,1,0
2005,0,0,0,1,0
2006,1,0,1,0,1
2007,0,0,0,0,1
2008,1,0,0,0,0
2009,0,0,1,1,0
2010,1,1,1,1,0
2011,1,0,1,1,0
2012,0,0,1,0,1
2013,1,0,1,1,0
2014,1,0,1,1,0
2015,0,0,0,1,0
2016,0,0,0,0,1
2017,1,1,1,1,0
2018,0,0,0,0,1
2019,1,0,1,1,0
2020,1,0,1,1,0
2021,1,0,1,1,0
2022,0,0,0,1,0
2023,0,0,0,0,1
2024,1,0,1,1,0
2025,1,0,1,0,1
2026,1,1,1,0,1
2027,1,0,1,0,1
2028,1,0,0,0,1
2029,1,1,1,0,1
2030,1,1,1,1,0
2031,0,1,0,0,1
2032,0,0,0,0,1
2033,0,0,0,1,0
2034,0,0,0,1,0
2035,1,0,1,1,0
2036,1,0,1,0,1
2037,1,1,1,0,1
2038,1,0,1,0,1
2039,1,1,1,1,0
2040,1,1,1,0,1
2041,0,1,0,0,1
2042,1,1,1,0,1
2043,1,0,1,1,0
2044,1,0,1,1,0
2045,1,0,1,0,1
2046,1,0,1,1,0
2047,1,1,1,0,1
2048,1,1,1,1,0
2049,1,0,1,0,1
2050,1,0,1,0,1
2051,0,0,0,1,0
2052,1,1,1,0,1
2053,1,0,1,0,1
2054,1,1,1,0,1
2055,1,0,1,0,1
2056,1,0,1,1,0
2057,1,0,1,0,1
2058,1,0,1,0,1
2059,1,0,1,0,1
2060,1,0,1,0,1
2061,1,0,1,0,1
2062,1,1,1,0,1
2063,1,0,1,1,0
2064,1,0,1,0,1
2065,1,0,1,1,0
2066,0,0,0,0,1
2067,1,1,1,1,0
2068,1,0,1,1,0
2069,1,0,1,0,1
2070,1,0,1,0,1
2071,1,0,1,0,1
2072,1,1,1,0,1
2073,1,1,1,1,0
2074,1,1,1,1,0
2075,1,1,1,1,0
2076,1,1,1,0,1
2077,1,0,1,0,1
2078,1,0,1,0,1
2079,0,0,0,1,0
2080,0,0,0,0,1
2081,1,1,1,1,0
2082,1,1,0,1,0
2083,0,1,1,0,1
2084,1,0,1,0,1
2085,0,0,0,1,0
2086,1,1,1,0,0
2087,0,0,0,1,0
2088,1,0,1,1,0
2089,1,0,1,1,0
2090,1,0,1,0,1
2091,1,0,1,1,0
2092,1,0,1,0,0
2093,1,1,1,0,1
2094,1,0,1,1,0
2095,1,0,1,1,0
2096,0,1,1,0,1
2097,0,0,0,1,0
2098,1,0,1,1,0
2099,0,0,0,0,1
2100,1,0,1,1,0
2101,1,0,1,0,1
2102,1,1,1,0,1
2103,1,0,1,1,0
2104,1,0,0,0,1
2105,0,0,0,0,1
2106,1,0,0,0,1
2107,1,0,1,1,0
2108,1,0,1,0,1
2109,1,0,1,0,1
2110,0,0,0,1,0
2111,1,1,1,1,0
2112,1,1,1,0,1
2113,0,0,1,1,0
2114,1,0,1,0,1
2115,1,0,1,0,1
2116,1,0,1,0,1
2117,1,1,1,1,0
2118,1,1,1,0,1
2119,1,0,1,1,0
2120,0,0,0,1,0
2121,1,1,1,1,0
2122,1,0,1,0,1
2123,1,0,1,0,1
2124,1,0,1,0,0
2125,1,1,1,0,1
2126,1,0,1,1,0
2127,1,0,1,1,0
2128,1,1,1,0,1
2129,1,0,1,1,0
2130,0,0,0,1,0
2131,1,0,1,0,1
2132,0,0,0,0,1
2133,1,0,1,1,0
2134,0,0,0,1,0
2135,1,1,1,0,1
2136,1,0,1,0,1
2137,1,0,1,1,0
2138,1,1,1,0,1
2139,1,1,1,0,0
2140,1,0,1,1,0
2141,1,1,1,1,0
2142,1,1,1,1,0
2143,1,1,1,0,1
2144,0,0,0,1,0
2145,1,0,1,1,0
2146,1,0,1,0,1
2147,1,1,1,0,1
2148,1,0,1,0,1
2149,1,1,1,1,0
2150,1,0,1,0,1
2151,1,1,1,0,1
2152,0,0,0,0,1
2153,1,0,1,1,0
2154,1,1,1,1,0
2155,0,0,0,1,0
2156,0,0,0,1,0
2157,1,0,1,1,0
2158,1,0,1,1,0
2159,1,1,1,0,1
2160,0,0,0,1,0
2161,1,0,1,0,1
2162,1,0,1,0,1
2163,1,0,1,0,1
2164,1,0,1,0,1
2165,1,1,1,1,0
2166,0,0,0,0,1
2167,0,0,0,1,0
2168,0,0,0,0,1
2169,1,1,1,0,1
2170,1,0,1,0,1
2171,1,0,1,0,1
2172,1,0,1,1,0
2173,0,0,0,0,1
2174,1,1,1,0,1
2175,1,1,0,1,0
2176,1,1,1,1,0
2177,0,0,0,0,1
2178,0,1,1,0,1
2179,1,1,1,1,0
2180,1,0,0,1,0
2181,1,0,1,1,0
2182,1,1,1,1,0
2183,1,1,1,0,1
2184,1,0,1,1,0
2185,1,1,1,1,0
2186,1,0,1,1,0
2187,1,1,1,0,1
2188,1,0,1,0,1
2189,1,0,1,1,0
2190,1,0,1,1,0
2191,1,1,1,0,1
2192,0,0,0,1,0
2193,0,0,0,1,0
2194,1,1,1,0,1
2195,1,0,0,1,0
2196,1,0,1,0,1
2197,1,0,0,0,1
2198,0,0,0,1,0
2199,1,1,1,1,0
2200,1,1,1,0,1
2201,1,0,1,0,1
2202,1,0,0,1,0
2203,1,1,1,0,1
2204,1,1,1,0,1
2205,0,0,0,1,0
2206,1,0,1,0,1
2207,1,0,1,1,0
2208,1,0,1,1,0
2209,1,1,0,1,0
2210,1,0,1,0,1
2211,1,0,1,0,1
2212,1,0,1,0,1
2213,1,0,1,0,1
2214,1,0,1,1,0
2215,1,1,1,0,1
2216,1,1,1,0,1
2217,1,1,1,0,1
2218,1,1,1,0,1
2219,1,1,1,1,0
2220,1,0,1,1,0
2221,1,1,1,0,1
2222,1,1,1,0,1
2223,0,0,0,0,1
2224,1,1,1,0,1
2225,1,0,1,0,1
2226,1,1,1,0,1
2227,0,0,0,1,0
2228,1,0,1,1,0
2229,1,0,1,0,1
2230,0,0,0,1,0
2231,1,0,1,0,1
2232,1,0,1,0,1
2233,1,1,1,1,0
2234,1,0,1,1,0
2235,1,0,1,0,1
2236,0,0,0,0,1
2237,0,0,0,1,0
2238,0,0,0,0,1
2239,1,1,1,0,1
2240,1,0,1,1,0
2241,0,0,0,1,0
2242,1,1,1,0,1
2243,1,0,1,0,1
2244,1,0,1,1,0
2245,1,1,1,0,1
2246,1,1,1,1,0
2247,1,1,1,1,0
2248,1,1,1,1,0
2249,1,0,1,1,0
2250,1,1,1,0,1
2251,1,0,0,1,0
2252,1,0,1,0,1
2253,1,0,1,1,0
2254,1,0,1,1,0
2255,1,0,1,1,0
2256,1,0,1,1,0
2257,0,0,1,1,0
2258,0,0,1,1,0
2259,0,0,0,1,0
2260,1,0,0,1,0
2261,1,0,1,1,0
2262,1,1,0,1,0
2263,1,0,1,1,0
2264,1,0,1,1,0
2265,1,0,1,0,1
2266,1,1,1,0,1
2267,1,0,1,0,1
2268,1,0,1,1,0
2269,0,0,0,1,0
2270,1,0,1,1,0
2271,1,0,1,0,1
2272,1,1,1,1,0
2273,0,0,0,0,1
2274,1,1,1,0,1
2275,1,0,1,0,1
2276,1,0,1,1,0
2277,1,1,1,1,0
2278,1,1,1,1,0
2279,1,1,1,0,1
2280,1,0,1,0,1
2281,0,0,0,0,1
2282,1,0,1,1,0
2283,1,0,1,0,1
2284,1,0,1,0,1
2285,1,1,1,1,0
2286,1,0,0,0,1
2287,1,1,1,1,0
2288,1,0,1,1,0
2289,1,0,1,1,0
2290,1,0,1,1,0
2291,1,0,1,1,0
2292,0,0,0,1,0
2293,1,0,1,0,1
2294,1,0,1,0,1
2295,0,0,0,1,0
2296,1,0,1,1,0
2297,1,0,0,1,0
2298,1,0,1,0,1
2299,1,0,1,1,0
2300,1,1,1,0,1
2301,1,1,1,0,1
2302,1,1,1,1,0
2303,1,1,1,0,1
2304,0,0,0,1,0
2305,1,0,1,1,0
2306,1,0,1,1,0
2307,1,0,1,0,1
2308,1,0,1,0,1
2309,1,0,1,1,0
2310,1,1,1,0,1
2311,1,0,1,1,0
2312,0,0,0,0,1
2313,0,0,0,0,0
2314,0,0,0,0,1
2315,0,0,0,0,1
2316,1,0,1,0,1
2317,1,0,1,0,1
2318,1,1,1,0,1
2319,1,0,1,1,0
2320,1,0,1,0,1
2321,1,1,1,0,1
2322,1,0,1,1,0
2323,1,0,1,1,0
2324,1,0,1,1,0
2325,1,1,1,0,1
2326,1,0,1,1,0
2327,1,0,1,0,1
2328,0,0,0,0,1
2329,1,0,1,0,1
2330,1,0,1,0,1
2331,1,0,1,1,0
2332,0,0,0,0,1
2333,1,1,1,1,0
2334,1,0,1,0,1
2335,1,0,1,1,0
2336,1,0,1,0,1
2337,1,0,1,0,1
2338,1,1,1,0,1
2339,0,0,0,1,0
2340,1,0,1,1,0
2341,1,0,1,0,1
2342,0,0,0,1,0
2343,1,0,1,1,0
2344,1,1,1,1,0
2345,1,0,1,0,1
2346,1,0,1,0,1
2347,1,1,1,0,1
2348,1,0,1,1,0
2349,1,0,1,1,0
2350,1,1,1,0,1
2351,1,1,1,0,1
2352,1,1,1,1,0
2353,0,0,0,0,1
2354,1,0,1,1,0
2355,1,0,1,1,0
2356,1,0,1,0,1
2357,0,0,0,0,1
2358,1,0,0,1,0
2359,1,1,1,1,0
2360,1,0,1,0,1
2361,1,0,1,1,0
2362,1,1,1,0,1
2363,0,0,1,0,1
2364,0,0,0,0,1
2365,1,0,1,0,1
2366,1,0,1,0,1
2367,1,0,1,0,1
2368,0,0,0,0,1
2369,1,0,1,1,0
2370,1,0,1,0,1
2371,1,0,1,1,0
2372,0,0,0,0,1
2373,1,0,1,1,0
2374,1,1,1,1,0
2375,1,0,1,0,1
2376,1,0,1,1,0
2377,1,1,1,1,0
2378,1,0,1,0,1
2379,1,0,1,0,1
2380,1,0,1,1,0
2381,1,1,1,0,1
2382,0,0,0,0,1
2383,1,0,1,1,0
2384,1,1,1,1,0
2385,1,1,1,0,1
2386,1,0,1,0,1
2387,1,1,1,1,0
2388,0,0,0,0,1
2389,0,0,0,1,0
2390,1,1,1,0,1
2391,0,1,1,0,1
2392,1,0,1,0,1
2393,1,0,1,1,0
2394,1,0,1,0,1
2395,0,1,1,1,0
2396,1,0,1,1,0
2397,1,1,0,1,0
2398,1,1,1,0,0
2399,1,1,1,0,1
2400,1,0,1,1,0
2401,1,0,0,1,0
2402,1,0,1,0,1
2403,1,0,1,0,1
2404,1,1,1,0,1
2405,0,0,0,1,0
2406,1,0,1,0,1
2407,1,0,1,1,0
2408,1,1,1,1,0
2409,1,0,1,1,0
2410,1,0,1,1,0
2411,0,0,0,1,0
2412,1,0,1,0,1
2413,0,0,0,0,1
2414,1,1,1,0,1
2415,1,1,1,1,0
2416,1,1,1,1,0
2417,1,0,1,1,0
2418,1,0,1,0,1
2419,1,1,1,1,0
2420,1,0,1,0,1
2421,1,1,1,0,1
2422,0,0,0,1,0
2423,0,0,0,1,0
2424,1,0,1,0,1
2425,1,1,1,1,0
2426,1,0,1,0,1
2427,1,0,1,1,0
2428,1,0,1,1,0
2429,0,0,1,0,1
2430,1,0,1,1,0
2431,1,0,1,1,0
2432,0,0,0,1,0
2433,1,0,1,1,0
2434,1,1,1,1,0
2435,1,0,1,0,1
2436,1,0,1,0,1
2437,1,0,0,1,0
2438,1,1,1,0,1
2439,0,0,1,1,0
2440,1,0,1,1,0
2441,1,0,0,1,0
2442,0,0,0,0,1
2443,1,0,1,0,1
2444,0,0,0,0,1
2445,1,0,1,1,0
2446,1,0,1,1,0
2447,1,0,1,1,0
2448,0,0,0,1,0
2449,0,0,0,0,1
2450,1,0,1,1,0
2451,1,0,1,0,1
2452,0,0,1,0,1
2453,1,1,1,1,0
2454,1,0,1,1,0
2455,1,1,1,1,0
2456,1,1,1,0,1
2457,0,0,0,0,1
2458,1,0,1,0,1
2459,0,0,0,1,0
2460,1,1,1,1,0
2461,1,1,1,1,0
2462,1,0,1,1,0
2463,1,1,1,1,0
2464,1,1,1,1,0
2465,0,0,0,1,0
2466,0,0,1,1,0
2467,1,0,1,1,0
2468,0,0,0,0,1
2469,1,0,1,0,1
2470,1,1,1,1,0
2471,0,0,0,0,1
2472,1,1,1,1,0
2473,1,0,1,0,1
2474,1,0,1,1,0
2475,0,0,0,1,0
2476,1,0,1,1,0
2477,0,1,1,0,1
2478,0,0,0,1,0
2479,1,1,1,0,1
2480,1,1,1,0,1
2481,0,0,0,1,0
2482,0,0,0,1,0
2483,1,1,1,1,0
2484,0,0,1,1,0
2485,1,0,1,1,0
2486,1,1,1,0,1
2487,0,1,0,1,0
2488,1,0,1,0,1
2489,1,1,1,1,0
2490,1,0,1,1,0
2491,1,0,1,1,0
2492,1,0,1,1,0
2493,1,1,1,0,1
2494,1,0,1,0,1
2495,0,1,1,1,0
2496,0,0,0,1,0
2497,1,1,1,1,0
2498,1,0,0,0,1
2499,1,0,0,0,1
2500,1,0,1,1,0
2501,0,0,0,0,1
2502,1,1,1,0,1
2503,1,0,0,0,1
2504,1,0,1,0,1
2505,1,1,1,1,0
2506,1,0,1,1,0
2507,1,0,1,1,0
2508,0,0,0,1,0
2509,1,1,1,0,1
2510,1,0,1,1,0
2511,1,0,1,1,0
2512,1,1,1,0,1
2513,0,1,0,1,0
2514,1,0,1,1,0
2515,1,1,1,1,0
2516,1,0,1,0,1
2517,1,0,1,0,1
2518,1,1,1,0,1
2519,0,0,0,0,0
2520,1,0,1,0,0
2521,1,0,1,1,0
2522,0,0,1,0,1
2523,0,0,0,0,1
2524,1,0,1,1,0
2525,1,0,1,1,0
2526,1,0,1,1,0
2527,1,0,1,0,1
2528,1,0,1,0,1
2529,1,0,1,1,0
2530,1,0,1,1,0
2531,1,1,1,1,0
2532,0,0,0,1,0
2533,0,0,0,1,0
2534,1,1,1,0,1
2535,1,0,1,0,1
2536,0,0,0,1,0
2537,0,0,0,1,0
2538,1,0,1,1,0
2539,1,0,1,0,1
2540,1,1,0,0,1
2541,1,1,1,0,1
2542,0,0,0,0,1
2543,1,1,1,0,1
2544,0,0,0,0,1
2545,0,1,1,0,1
2546,1,1,1,1,0
2547,1,0,1,1,0
2548,0,0,1,1,0
2549,0,1,1,1,0
2550,1,0,1,0,1
2551,1,0,1,0,1
2552,1,0,1,1,0
2553,1,0,1,1,0
2554,1,0,1,1,0
2555,1,1,1,0,1
2556,1,0,1,0,1
2557,1,1,1,0,1
2558,1,0,1,1,0
2559,1,0,1,1,0
2560,1,1,1,1,0
2561,1,0,1,1,0
2562,1,0,0,1,0
2563,1,1,1,1,0
2564,0,1,1,1,0
2565,0,0,0,1,0
2566,1,0,1,1,0
2567,1,1,1,1,0
2568,1,0,0,0,1
2569,1,1,0,1,0
2570,1,0,1,0,1
2571,1,0,1,0,1
2572,1,1,1,0,1
2573,1,0,1,1,0
2574,1,0,1,1,0
2575,1,1,1,0,1
2576,0,0,1,0,1
2577,0,0,0,0,1
2578,1,0,1,1,0
2579,1,0,1,1,0
2580,0,0,0,0,1
2581,0,0,0,1,0
2582,1,1,1,1,0
2583,1,0,1,0,1
2584,0,0,0,1,0
2585,1,1,1,1,0
2586,1,0,1,1,0
2587,1,0,1,0,1
2588,1,0,1,0,1
2589,1,0,1,1,0
2590,0,0,0,1,0
2591,0,0,0,1,0
2592,1,0,1,0,1
2593,1,0,1,0,1
2594,0,0,0,0,1
2595,1,0,1,0,1
2596,1,0,0,0,1
2597,1,1,1,0,1
2598,1,1,1,0,1
2599,1,1,0,1,0
2600,0,1,1,1,0
2601,1,1,1,1,0
2602,0,1,1,0,1
2603,1,1,1,0,1
2604,1,0,1,1,0
2605,1,1,1,0,1
2606,1,0,1,1,0
2607,0,1,1,1,0
2608,1,0,1,1,0
2609,1,0,1,1,0
2610,1,1,1,0,1
2611,1,0,1,0,1
2612,1,0,1,0,1
2613,1,0,1,0,1
2614,1,0,0,1,0
2615,1,0,1,0,1
2616,1,1,1,0,1
2617,1,0,1,1,0
2618,1,0,1,1,0
2619,1,0,1,0,1
2620,1,0,1,0,1
2621,1,0,1,0,1
2622,1,0,1,0,1
2623,1,0,1,1,0
2624,0,0,0,1,0
2625,1,0,1,1,0
2626,0,0,0,0,1
2627,1,0,1,0,1
2628,1,0,1,0,1
2629,1,0,1,1,0
2630,1,0,1,0,1
2631,1,0,1,0,1
2632,0,0,0,0,1
2633,1,0,1,0,1
2634,1,1,1,1,0
2635,1,0,1,1,0
2636,1,0,1,0,1
2637,1,1,1,0,1
2638,1,0,1,0,1
2639,1,0,1,0,1
2640,1,0,1,1,0
2641,1,0,1,0,1
2642,1,1,1,0,1
2643,1,0,1,0,1
2644,1,0,0,1,0
2645,0,0,0,0,1
2646,1,1,1,1,0
2647,1,0,1,0,1
2648,1,0,1,1,0
2649,1,1,1,0,1
2650,1,0,1,0,1
2651,0,1,0,0,1
2652,1,0,1,0,1
2653,1,1,1,0,1
2654,1,0,1,0,1
2655,1,0,1,1,0
2656,1,0,1,1,0
2657,1,0,1,0,1
2658,1,0,1,1,0
2659,1,0,1,1,0
2660,1,0,1,1,0
2661,1,0,1,0,1
2662,1,0,1,0,1
2663,1,0,0,0,1
2664,0,0,0,1,0
2665,0,0,0,1,0
2666,1,0,1,0,1
2667,0,0,0,1,0
2668,1,0,0,0,0
2669,1,0,1,0,1
2670,1,0,1,0,0
2671,0,0,0,1,0
2672,1,1,0,0,1
2673,1,1,1,1,0
2674,1,0,1,0,1
2675,1,1,1,0,1
2676,0,0,0,0,1
2677,1,0,1,0,1
2678,1,0,1,0,1
2679,1,0,1,1,0
2680,1,0,0,0,1
2681,1,0,1,0,1
2682,1,1,1,0,1
2683,1,0,1,0,1
2684,0,0,0,0,1
2685,0,0,0,0,1
2686,1,0,1,1,0
2687,1,0,0,0,0
2688,1,0,1,0,1
2689,1,1,1,0,1
2690,1,0,1,0,1
2691,1,0,1,0,1
2692,0,0,0,0,0
2693,1,0,1,0,1
2694,1,1,1,0,1
2695,1,0,1,1,0
2696,1,0,0,0,1
2697,1,1,1,0,1
2698,1,0,1,0,1
2699,1,0,1,0,1
2700,1,1,0,0,1
2701,0,0,0,0,1
2702,1,0,1,0,1
2703,1,0,1,0,1
2704,1,1,1,0,1
2705,1,0,1,0,1
2706,1,0,1,0,1
2707,1,1,1,0,1
2708,0,0,0,0,1
2709,1,0,1,0,1
2710,1,0,1,0,1
2711,1,0,1,0,1
2712,1,0,0,0,1
2713,0,0,0,1,0
2714,1,0,1,0,1
2715,0,0,0,1,0
2716,0,0,0,1,0
2717,0,0,0,1,0
2718,1,0,1,0,1
2719,1,0,1,1,0
2720,1,0,1,0,1
2721,0,0,0,1,0
2722,1,1,1,0,1
2723,1,0,1,0,1
2724,0,0,0,0,1
2725,0,0,0,0,1
2726,1,0,0,0,1
2727,0,0,0,1,0
2728,1,0,0,1,0
2729,1,0,1,0,1
2730,1,1,0,0,1
2731,1,0,1,0,1
2732,0,0,1,1,0
2733,1,0,1,1,0
2734,0,0,0,0,1
2735,0,0,0,1,0
2736,0,0,0,0,1
2737,1,1,1,0,1
2738,1,0,1,0,1
2739,1,0,0,1,0
2740,1,1,0,0,1
2741,0,0,0,0,1
2742,1,0,0,1,0
2743,1,0,1,0,1
2744,1,0,1,0,1
2745,0,0,0,0,1
2746,1,0,1,0,0
2747,1,0,1,1,0
2748,1,1,1,0,1
2749,1,0,0,0,0
2750,1,0,1,0,1
2751,1,0,0,0,1
2752,0,0,0,0,1
2753,1,1,1,0,1
2754,1,0,0,0,1
2755,1,0,1,0,1
2756,1,0,1,0,1
2757,1,0,1,0,1
2758,1,0,1,0,1
2759,1,0,1,0,1
2760,1,0,0,1,0
2761,0,0,0,0,1
2762,1,0,1,1,0
2763,1,0,1,0,1
2764,0,0,0,0,1
2765,1,0,1,0,1
2766,1,0,1,1,0
2767,1,0,1,0,1
2768,1,1,1,0,1
2769,1,0,0,0,1
2770,1,0,1,1,0
2771,0,0,0,0,1
2772,0,0,0,1,0
2773,1,0,1,0,1
2774,1,0,1,0,1
2775,0,0,0,1,0
2776,0,0,1,0,1
2777,1,0,1,1,0
2778,0,0,0,1,0
2779,1,0,1,0,1
2780,1,0,1,1,0
2781,1,0,0,1,0
2782,1,0,1,0,1
2783,0,0,0,1,0
2784,1,0,1,1,0
2785,0,0,0,1,0
2786,1,0,1,1,0
2787,1,0,1,1,0
2788,0,0,1,1,0
2789,1,0,1,0,1
2790,0,0,0,1,0
2791,1,0,1,1,0
2792,0,1,1,1,0
2793,1,0,1,0,1
2794,1,0,1,0,1
2795,0,0,0,1,0
2796,1,0,0,0,1
2797,0,0,0,0,1
2798,1,1,1,0,1
2799,1,1,1,1,0
2800,1,0,1,0,1
2801,1,0,1,0,1
2802,1,0,1,0,1
2803,1,0,1,1,0
2804,1,0,1,0,1
2805,0,0,0,0,1
2806,0,0,0,1,0
2807,1,0,1,0,1
2808,1,0,1,0,1
2809,1,0,1,0,1
2810,1,0,1,0,1
2811,1,0,1,1,0
2812,0,0,0,0,1
2813,1,1,1,0,1
2814,1,1,1,1,0
2815,1,0,1,0,1
2816,0,0,0,0,1
2817,1,1,0,1,0
2818,0,0,0,1,0
2819,1,0,1,0,1
2820,1,0,1,0,1
2821,1,0,1,0,1
2822,1,0,1,0,1
2823,0,0,0,0,1
2824,0,0,0,1,0
2825,1,1,1,0,1
2826,0,0,0,0,1
2827,1,0,1,1,0
2828,1,0,1,1,0
2829,1,0,1,0,1
2830,1,0,1,1,0
2831,1,0,1,1,0
2832,1,0,0,0,1
2833,1,0,1,0,1
2834,0,0,0,0,1
2835,0,0,0,1,0
2836,0,0,0,0,1
2837,1,0,0,0,1
2838,1,1,1,0,1
2839,1,0,1,0,1
2840,0,0,0,1,0
2841,1,0,1,0,1
2842,0,0,0,0,1
2843,0,0,0,0,1
2844,1,0,1,1,0
2845,1,1,1,0,1
2846,0,0,0,0,1
2847,1,0,1,1,0
2848,1,1,1,0,1
2849,1,0,1,0,1
2850,1,0,1,1,0
2851,0,0,0,1,0
2852,0,0,1,0,1
2853,1,0,0,0,1
2854,1,0,1,0,1
2855,0,0,0,1,0
2856,0,0,0,1,0
2857,0,0,0,0,1
2858,1,0,1,0,1
2859,1,0,1,0,1
2860,1,1,1,0,1
2861,0,0,1,1,0
2862,1,0,1,1,0
2863,1,0,1,1,0
2864,1,0,1,1,0
2865,0,0,0,0,0
2866,0,0,0,0,1
2867,0,0,0,0,1
2868,1,0,1,0,1
2869,1,0,0,0,1
2870,1,0,1,0,1
2871,1,0,1,0,1
2872,1,0,0,0,1
2873,1,0,1,0,1
2874,1,0,1,0,1
2875,0,0,0,1,0
2876,1,0,1,1,0
2877,1,0,1,1,0
2878,0,0,0,1,0
2879,1,0,1,0,1
2880,0,0,0,0,1
2881,1,0,1,1,0
2882,0,0,0,1,0
2883,0,0,0,0,1
2884,1,1,1,0,1
2885,0,0,0,0,1
2886,1,0,1,1,0
2887,1,0,1,0,1
2888,1,0,1,0,0
2889,1,0,1,1,0
2890,1,0,1,1,0
2891,1,1,1,0,1
2892,1,0,1,0,1
2893,1,1,0,0,1
2894,0,0,0,0,1
2895,1,0,1,0,1
2896,1,0,1,0,1
2897,0,0,0,1,0
2898,1,0,1,0,1
2899,0,0,0,0,1
2900,1,1,0,1,0
2901,1,0,0,1,0
2902,0,0,0,0,1
2903,1,0,1,0,1
2904,1,0,1,0,1
2905,1,0,0,0,1
2906,0,0,0,0,1
2907,1,0,1,0,1
2908,1,0,0,0,0
2909,0,0,0,1,0
2910,0,0,0,1,0
2911,1,0,0,1,0
2912,1,0,1,1,0
2913,0,0,0,1,0
2914,1,0,1,0,1
2915,1,0,1,0,1
2916,0,0,0,1,0
2917,0,0,0,0,1
2918,1,0,1,0,1
2919,0,0,0,1,0
2920,1,1,1,1,0
2921,1,0,1,0,1
2922,1,0,1,0,1
2923,0,0,0,1,0
2924,1,0,1,0,1
2925,1,0,1,1,0
2926,1,0,1,0,1
2927,1,0,1,0,1
2928,1,0,1,1,0
2929,1,0,1,0,1
2930,1,0,1,1,0
2931,0,0,0,1,0
2932,1,0,1,1,0
2933,1,0,1,0,1
2934,1,0,1,0,1
2935,0,0,0,0,1
2936,1,1,1,0,1
2937,0,0,0,0,1
2938,0,0,0,0,1
2939,0,0,0,0,1
2940,0,0,0,1,0
2941,0,0,0,0,1
2942,1,0,1,0,1
2943,1,0,1,0,1
2944,1,0,1,0,1
2945,0,0,0,0,1
2946,0,0,0,1,0
2947,1,0,0,1,0
2948,1,0,1,1,0
2949,1,0,1,0,1
2950,0,0,0,1,0
2951,1,0,1,1,0
2952,1,0,1,0,1
2953,1,0,1,0,0
2954,1,0,1,0,1
2955,1,1,1,0,1
2956,0,0,0,0,1
2957,1,1,1,0,1
2958,0,0,0,1,0
2959,1,0,1,1,0
2960,1,0,1,1,0
2961,1,1,1,1,0
2962,1,1,1,1,0
2963,0,0,0,0,1
2964,0,0,0,0,1
2965,0,0,0,1,0
2966,0,0,0,0,1
2967,1,0,1,0,1
2968,0,0,0,0,1
2969,1,0,1,0,1
2970,1,0,1,0,1
2971,1,1,1,1,0
2972,1,0,1,0,1
2973,1,0,1,1,0
2974,1,0,1,0,1
2975,0,0,0,1,0
2976,0,0,0,1,0
2977,1,0,1,0,1
2978,1,0,1,0,1
2979,1,0,1,0,1
2980,0,0,0,1,0
2981,1,0,1,1,0
2982,1,0,1,1,0
2983,1,0,1,0,1
2984,0,0,0,0,1
2985,1,0,1,1,0
2986,0,0,0,1,0
2987,1,0,1,0,1
2988,1,0,1,0,1
2989,1,0,1,0,1
2990,1,0,1,1,0
2991,0,0,0,0,1
2992,0,0,0,1,0
2993,1,0,1,0,1
2994,0,0,0,0,1
2995,1,1,1,0,1
2996,1,0,0,0,1
2997,0,0,0,1,0
2998,1,0,0,0,1
2999,1,0,1,0,1
3000,0,0,0,0,1
3001,1,1,1,0,1
3002,1,0,1,0,1
3003,0,0,0,0,1
3004,1,0,1,1,0
3005,0,0,0,0,1
3006,0,0,0,0,1
3007,1,0,1,1,0
3008,1,0,1,1,0
3009,1,0,1,0,0
3010,1,0,1,0,1
3011,0,0,0,0,1
3012,0,0,0,0,1
3013,1,1,1,0,1
3014,1,0,1,1,0
3015,0,0,0,0,1
3016,1,0,0,0,0
3017,0,1,0,0,1
3018,0,0,0,1,0
3019,0,0,0,0,1
3020,1,1,1,0,1
3021,1,0,1,1,0
3022,1,1,1,0,1
3023,1,0,1,0,1
3024,1,1,1,0,1
3025,0,0,1,0,1
3026,1,0,1,0,1
3027,0,0,0,0,1
3028,0,0,0,0,1
3029,1,0,1,0,1
3030,0,0,0,0,1
3031,0,0,1,0,1
3032,1,1,1,0,1
3033,1,0,1,0,1
3034,1,1,0,0,1
3035,1,1,0,0,1
3036,1,0,1,0,1
3037,0,0,0,1,0
3038,1,0,0,1,0
3039,1,1,0,0,1
3040,0,0,1,0,1
3041,0,0,0,1,0
3042,1,0,1,0,1
3043,1,0,1,1,0
3044,0,0,1,0,1
3045,1,0,0,0,1
3046,0,0,0,1,0
3047,1,0,1,0,1
3048,0,0,0,1,0
3049,1,0,1,0,1
3050,1,0,1,0,1
3051,1,0,1,0,1
3052,0,0,0,0,1
3053,0,0,0,0,1
3054,1,0,1,1,0
3055,1,1,1,0,1
3056,0,0,0,0,1
3057,0,0,0,0,1
3058,1,0,0,0,1
3059,1,0,1,0,1
3060,0,0,0,0,1
3061,1,1,1,0,1
3062,0,0,0,0,1
3063,1,0,1,0,1
3064,1,0,1,1,0
3065,1,0,0,0,1
3066,0,0,0,0,1
3067,0,0,0,1,0
3068,1,0,1,0,1
3069,1,0,1,0,1
3070,1,0,1,0,1
3071,1,1,1,0,1
3072,0,0,0,0,1
3073,0,0,0,1,0
3074,0,0,0,0,1
3075,1,0,1,0,1
3076,1,0,1,0,1
3077,1,0,1,0,1
3078,1,0,1,0,1
3079,1,1,1,0,1
3080,1,0,1,0,1
3081,0,0,0,1,0
3082,1,0,0,1,0
3083,1,0,1,0,1
3084,1,0,1,0,1
3085,1,1,1,0,1
3086,1,0,1,1,0
3087,1,0,0,1,0
3088,0,0,0,1,0
3089,0,0,0,1,0
3090,1,0,1,0,1
3091,1,0,1,1,0
3092,1,0,1,0,1
3093,1,0,0,0,1
3094,0,0,0,1,0
3095,0,0,0,0,1
3096,0,0,0,0,1
3097,1,0,1,0,1
3098,1,0,1,0,1
3099,1,1,1,0,1
3100,0,0,0,1,0
3101,0,0,0,1,0
3102,1,0,1,1,0
3103,1,0,1,1,0
3104,1,0,1,0,1
3105,0,0,0,0,1
3106,1,0,1,1,0
3107,0,0,0,0,1
3108,0,0,0,0,1
3109,0,0,0,1,0
3110,1,1,0,1,0
3111,0,0,0,0,1
3112,1,0,1,1,0
3113,0,0,0,0,0
3114,1,0,1,1,0
3115,1,0,1,0,1
3116,0,0,0,1,0
3117,1,0,0,1,0
3118,0,0,0,0,1
3119,0,0,0,1,0
3120,1,0,1,1,0
3121,1,0,1,1,0
3122,0,0,0,1,0
3123,0,0,1,0,1
3124,0,0,0,1,0
3125,0,0,1,0,1
3126,0,0,0,1,0
3127,0,0,0,0,1
3128,0,0,0,0,1
3129,1,0,1,0,1
3130,1,0,1,0,1
3131,0,0,0,0,1
3132,1,0,0,0,1
3133,0,0,0,1,0
3134,0,0,0,0,0
3135,1,0,1,0,1
3136,0,0,0,1,0
3137,0,0,0,1,0
3138,0,0,0,1,0
3139,1,0,1,1,0
3140,1,0,1,1,0
3141,1,0,1,0,1
3142,1,1,0,0,1
3143,1,0,1,0,1
3144,0,0,0,1,0
3145,1,1,1,1,0
3146,1,0,1,1,0
3147,1,0,1,0,1
3148,0,0,0,1,0
3149,1,0,1,0,1
3150,0,0,0,1,0
3151,0,0,0,1,0
3152,0,0,0,0,1
3153,0,0,0,0,1
3154,1,0,1,0,1
3155,1,0,1,0,1
3156,1,0,0,0,1
3157,1,1,0,0,1
3158,1,0,1,0,1
3159,0,0,0,0,1
3160,0,0,0,0,1
3161,1,0,0,0,1
3162,1,0,1,1,0
3163,1,0,1,0,1
3164,0,0,0,0,1
3165,1,1,0,1,0
3166,1,0,1,0,1
3167,0,0,0,1,0
3168,0,0,0,1,0
3169,0,0,0,0,1
3170,1,0,1,0,0
3171,0,0,0,0,1
3172,0,0,0,1,0
3173,1,1,1,0,1
3174,1,0,1,0,1
3175,0,0,1,0,1
3176,1,0,1,0,1
3177,1,0,0,0,1
3178,0,0,0,1,0
3179,0,0,0,0,1
3180,0,0,0,0,1
3181,0,0,0,1,0
3182,0,0,0,0,1
3183,0,0,1,0,1
3184,0,0,0,1,0
3185,0,0,0,1,0
3186,1,0,0,0,1
3187,1,1,0,0,1
3188,0,0,0,1,0
3189,1,1,1,0,1
3190,0,0,0,0,1
3191,0,0,0,1,0
3192,1,0,1,0,1
3193,1,0,1,0,1
3194,1,0,0,0,1
3195,1,0,1,1,0
3196,1,0,1,0,1
3197,1,0,1,1,0
3198,1,0,1,1,0
3199,0,0,0,0,1
3200,1,0,1,1,0
3201,0,0,0,0,1
3202,1,1,1,1,0
3203,1,1,1,1,0
3204,1,0,1,0,1
3205,1,1,1,0,1
3206,1,0,1,0,1
3207,1,0,1,0,1
3208,1,0,0,1,0
3209,1,1,1,1,0
3210,1,1,1,1,0
3211,0,0,0,1,0
3212,1,0,0,0,1
3213,1,0,1,0,1
3214,1,0,1,0,1
3215,0,0,0,1,0
3216,1,0,1,0,1
3217,0,0,0,0,1
3218,0,0,0,1,0
3219,1,0,1,0,1
3220,1,0,0,0,1
3221,1,1,1,0,1
3222,1,0,1,0,1
3223,1,0,1,0,1
3224,0,0,0,1,0
3225,1,0,1,0,1
3226,0,0,0,0,1
3227,0,0,0,0,1
3228,0,0,0,1,0
3229,1,0,1,0,1
3230,0,0,0,0,1
3231,1,0,1,0,1
3232,1,0,0,0,1
3233,1,0,1,0,1
3234,1,0,1,0,1
3235,1,0,0,1,0
3236,1,1,1,0,1
3237,1,0,1,0,1
3238,1,0,1,0,1
3239,1,0,1,1,0
3240,1,0,1,1,0
3241,0,0,0,1,0
3242,1,0,1,1,0
3243,1,0,1,1,0
3244,1,0,1,1,0
3245,0,0,0,1,0
3246,1,0,0,0,1
3247,1,0,1,0,1
3248,0,0,0,0,1
3249,1,0,1,0,1
3250,1,0,1,0,1
3251,0,0,0,1,0
3252,0,0,0,1,0
3253,0,0,0,0,1
3254,0,0,0,0,1
3255,1,0,1,1,0
3256,1,0,1,0,1
3257,1,0,1,0,1
3258,0,0,0,0,1
3259,1,0,1,0,1
3260,0,0,0,1,0
3261,1,1,1,1,0
3262,1,0,1,0,1
3263,1,0,0,0,1
3264,1,1,1,0,1
3265,1,0,0,0,1
3266,1,1,1,1,0
3267,1,0,1,1,0
3268,0,0,0,0,1
3269,1,0,1,0,1
3270,1,1,1,0,1
3271,1,0,1,0,1
3272,1,0,1,1,0
3273,1,1,0,0,1
3274,0,0,0,0,1
3275,1,0,1,1,0
3276,1,0,1,0,1
3277,1,0,0,0,1
3278,0,0,0,0,1
3279,1,0,1,1,0
3280,1,0,1,1,0
3281,0,0,1,0,1
3282,1,1,1,0,1
3283,1,0,1,0,1
3284,1,0,1,0,1
3285,0,0,0,0,1
3286,1,1,1,0,1
3287,0,0,0,0,1
3288,1,0,1,1,0
3289,0,0,0,0,1
3290,1,1,0,0,1
3291,1,0,1,1,0
3292,0,0,0,1,0
3293,1,0,1,0,1
3294,0,0,0,0,1
3295,0,0,0,1,0
3296,1,0,1,0,1
3297,1,0,1,0,1
3298,1,0,0,0,1
3299,1,1,1,1,0
3300,1,1,1,0,1
3301,0,0,0,0,1
3302,1,0,1,0,1
3303,1,0,1,0,1
3304,1,1,1,0,1
3305,1,0,1,0,1
3306,1,0,1,1,0
3307,1,1,1,0,1
3308,1,1,1,0,1
3309,0,0,0,1,0
3310,1,0,1,1,0
3311,1,0,1,0,1
3312,0,0,0,1,0
3313,1,1,1,0,1
3314,1,0,1,1,0
3315,1,0,1,0,1
3316,1,0,1,0,1
3317,1,0,1,0,1
3318,1,0,1,1,0
3319,1,0,1,0,1
3320,0,0,0,1,0
3321,1,0,1,1,0
3322,1,0,1,0,1
3323,1,0,1,0,1
3324,0,1,0,1,0
3325,1,0,1,0,1
3326,1,0,1,1,0
3327,1,0,1,0,1
3328,0,0,0,0,1
3329,1,0,1,0,1
3330,0,0,0,1,0
3331,1,1,1,1,0
3332,0,0,0,0,1
3333,1,1,1,0,1
3334,1,1,1,1,0
3335,0,0,0,1,0
3336,0,0,0,1,0
3337,0,0,0,0,1
3338,1,0,0,0,1
3339,1,0,0,0,1
3340,1,0,1,0,1
3341,1,1,1,1,0
3342,0,0,0,1,0
3343,1,0,1,0,1
3344,1,0,1,1,0
3345,1,0,1,1,0
3346,0,0,0,1,0
3347,0,0,0,0,1
3348,1,0,0,0,1
3349,1,1,1,0,1
3350,1,1,1,0,1
3351,1,0,1,1,0
3352,1,0,0,0,1
3353,0,0,0,1,0
3354,1,1,1,0,1
3355,1,0,1,0,1
3356,1,0,1,1,0
3357,0,0,0,0,1
3358,0,0,0,1,0
3359,1,0,1,1,0
3360,1,1,0,1,0
3361,1,1,1,0,1
3362,1,0,1,0,1
3363,1,0,1,0,1
3364,1,0,1,0,1
3365,1,0,0,1,0
3366,1,1,1,0,1
3367,1,0,0,1,0
3368,1,0,1,0,1
3369,1,1,1,1,0
3370,0,0,0,0,1
3371,1,0,1,0,1
3372,0,0,0,1,0
3373,1,1,1,0,1
3374,1,1,1,1,0
3375,1,1,0,0,1
3376,0,0,0,0,1
3377,0,0,0,0,1
3378,1,0,1,1,0
3379,1,1,1,1,0
3380,0,0,0,0,1
3381,1,0,0,1,0
3382,1,0,1,0,1
3383,1,0,1,0,1
3384,1,0,1,0,1
3385,1,0,1,1,0
3386,1,0,1,0,1
3387,0,0,1,0,1
3388,1,0,1,0,1
3389,0,1,0,0,0
3390,1,0,1,0,1
3391,1,0,1,1,0
3392,1,0,1,1,0
3393,0,0,0,0,1
3394,1,0,1,1,0
3395,1,0,1,0,1
3396,0,0,0,0,1
3397,1,1,1,0,1
3398,1,1,1,0,1
3399,1,0,1,1,0
3400,1,0,1,0,1
3401,1,0,1,0,1
3402,0,0,0,1,0
3403,1,1,1,0,1
3404,1,0,1,0,1
3405,0,0,0,0,1
3406,0,0,0,1,0
3407,0,0,0,0,1
3408,1,0,0,0,1
3409,0,0,0,1,0
3410,1,0,1,0,1
3411,1,1,1,0,1
3412,0,0,0,1,0
3413,1,0,1,0,1
3414,1,0,1,1,0
3415,1,0,1,1,0
3416,0,0,0,0,1
3417,0,0,0,1,0
3418,1,0,0,1,0
3419,1,0,1,0,1
3420,1,0,1,0,1
3421,0,0,0,1,0
3422,1,1,1,1,0
3423,0,0,0,1,0
3424,0,1,0,0,1
3425,1,0,1,1,0
3426,1,0,1,0,1
3427,1,0,1,0,1
3428,0,0,0,0,1
3429,0,0,0,1,0
3430,1,0,1,0,1
3431,1,0,1,1,0
3432,1,1,1,0,1
3433,1,0,0,1,0
3434,1,0,0,0,1
3435,0,0,1,0,1
3436,1,0,1,0,1
3437,1,1,1,0,1
3438,0,0,0,1,0
3439,0,0,0,0,1
3440,0,0,0,0,1
3441,1,1,1,0,1
3442,1,1,1,0,1
3443,1,1,1,0,1
3444,0,0,0,1,0
3445,1,1,0,0,1
3446,1,1,1,1,0
3447,1,0,1,0,1
3448,1,1,1,0,1
3449,1,1,1,0,1
3450,0,0,0,1,0
3451,1,1,1,1,0
3452,1,1,1,0,1
3453,0,0,0,0,1
3454,1,1,1,0,1
3455,1,0,1,1,0
3456,0,0,0,0,0
3457,0,1,1,0,1
3458,1,0,1,1,0
3459,1,0,1,1,0
3460,1,0,1,1,0
3461,0,0,0,0,1
3462,0,0,0,1,0
3463,1,0,1,0,1
3464,0,0,0,1,0
3465,0,0,0,1,0
3466,1,0,1,1,0
3467,1,1,0,1,0
3468,1,1,1,1,0
3469,1,0,1,0,1
3470,0,0,0,1,0
3471,1,1,1,1,0
3472,0,0,0,1,0
3473,1,0,1,1,0
3474,1,1,1,1,0
3475,0,0,0,0,1
3476,0,1,0,0,1
3477,0,0,0,1,0
3478,1,0,1,0,1
3479,1,0,1,1,0
3480,1,1,1,0,1
3481,1,0,1,1,0
3482,0,0,0,0,1
3483,1,0,1,1,0
3484,1,1,1,0,1
3485,1,1,0,0,1
3486,1,1,0,0,1
3487,1,1,1,0,1
3488,1,1,1,0,1
3489,1,0,1,0,1
3490,0,0,0,1,0
3491,0,0,0,0,1
3492,1,1,1,0,1
3493,1,1,1,1,0
3494,1,1,1,0,1
3495,0,0,0,0,1
3496,1,1,0,0,1
3497,0,0,0,0,1
3498,0,0,0,1,0
3499,0,0,0,0,1
3500,1,0,1,1,0
3501,1,1,1,0,1
3502,0,0,1,1,0
3503,0,0,0,0,1
3504,1,1,1,0,1
3505,0,0,0,0,1
3506,1,1,1,1,0
3507,1,1,1,0,1
3508,0,0,0,0,1
3509,1,0,1,0,1
3510,1,1,1,0,1
3511,0,0,0,0,1
3512,1,1,1,0,1
3513,0,0,0,0,1
3514,0,0,0,0,0
3515,1,0,1,0,1
3516,1,0,0,0,1
3517,0,0,0,0,1
3518,1,1,1,1,0
3519,1,1,1,0,1
3520,1,1,0,0,1
3521,1,1,1,0,1
3522,0,0,0,1,0
3523,0,0,0,1,0
3524,1,1,1,1,0
3525,0,0,0,0,1
3526,1,1,0,0,1
3527,0,1,0,0,1
3528,1,1,1,0,1
3529,0,0,0,0,1
3530,1,1,1,0,1
3531,1,1,0,1,0
3532,0,0,0,1,0
3533,1,1,1,0,1
3534,1,1,1,1,0
3535,1,1,1,1,0
3536,1,1,1,0,1
3537,1,1,1,0,1
3538,1,0,0,1,0
3539,0,0,0,0,1
3540,0,0,0,0,1
3541,1,1,1,1,0
3542,1,1,0,0,1
3543,0,0,0,0,1
3544,1,1,1,0,1
3545,0,0,0,0,0
3546,0,0,0,0,1
3547,1,1,1,0,1
3548,1,1,1,0,1
3549,0,0,0,1,0
3550,0,1,0,0,1
3551,1,1,0,0,1
3552,1,1,1,0,1
3553,0,0,0,0,1
3554,0,0,0,0,1
3555,1,1,1,0,1
3556,1,1,1,0,1
3557,0,0,0,0,1
3558,1,1,0,0,1
3559,1,1,0,0,1
3560,0,0,1,1,0
3561,1,0,1,0,1
3562,1,0,0,1,0
3563,1,1,1,0,1
3564,0,0,0,1,0
3565,0,0,0,0,1
3566,1,1,1,0,1
3567,1,0,1,0,1
3568,0,0,0,1,0
3569,1,1,1,1,0
3570,0,0,0,1,0
3571,1,1,0,0,1
3572,0,0,0,0,1
3573,1,1,1,0,1
3574,1,1,0,1,0
3575,1,1,1,1,0
3576,1,1,1,1,0
3577,0,0,0,0,1
3578,1,1,1,1,0
3579,1,1,0,0,1
3580,0,0,0,1,0
3581,0,0,0,0,1
3582,0,0,0,0,1
3583,0,0,0,0,1
3584,0,0,0,0,1
3585,0,0,0,1,0
3586,1,1,0,0,1
3587,1,1,1,1,0
3588,1,0,1,0,1
3589,0,1,0,1,0
3590,1,0,1,0,1
3591,1,0,1,1,0
3592,0,1,1,1,0
3593,1,1,1,0,1
3594,0,0,0,0,1
3595,1,0,1,0,1
3596,0,0,0,0,1
3597,0,0,0,1,0
3598,1,0,0,0,1
3599,1,1,1,1,0
3600,1,0,1,0,0
3601,1,1,1,1,0
3602,1,1,1,1,0
3603,1,1,1,0,1
3604,1,1,1,1,0
3605,1,1,1,0,1
3606,1,0,0,1,0
3607,1,1,1,0,1
3608,0,1,1,0,1
3609,0,0,0,0,1
3610,1,1,1,0,1
3611,1,1,1,0,0
3612,0,0,0,1,0
3613,0,0,0,1,0
3614,0,0,0,1,0
3615,0,0,0,0,1
3616,0,0,0,1,0
3617,0,0,0,1,0
3618,0,1,0,0,1
3619,1,1,1,0,1
3620,1,1,1,0,1
3621,1,1,0,0,1
3622,0,0,0,0,1
3623,1,0,1,1,0
3624,0,0,0,1,0
3625,1,1,1,0,1
3626,0,0,0,0,1
3627,1,1,0,0,1
3628,0,0,0,1,0
3629,0,0,0,0,0
3630,0,0,0,0,0
3631,1,1,1,1,0
3632,1,0,1,0,1
3633,0,0,0,1,0
3634,1,1,1,0,1
3635,1,1,1,0,1
3636,0,0,0,1,0
3637,1,1,1,0,1
3638,0,0,1,0,1
3639,1,0,1,0,1
3640,0,0,0,0,1
3641,1,0,0,1,0
3642,1,1,1,0,1
3643,0,0,0,0,1
3644,1,0,1,0,1
3645,0,0,0,1,0
3646,1,0,1,1,0
3647,0,0,0,1,0
3648,0,0,0,0,1
3649,1,0,1,1,0
3650,1,0,0,1,0
3651,0,0,0,1,0
3652,1,1,1,0,1
3653,1,1,1,0,1
3654,1,0,1,1,0
3655,0,0,0,1,0
3656,1,1,0,0,1
3657,1,1,1,1,0
3658,1,1,1,0,1
3659,0,1,1,1,0
3660,1,1,1,1,0
3661,1,1,1,0,1
3662,0,0,0,1,0
3663,0,1,1,0,1
3664,1,1,1,0,1
3665,0,0,0,0,1
3666,1,1,0,1,0
3667,0,0,0,0,1
3668,1,1,1,1,0
3669,0,0,1,1,0
3670,0,0,0,1,0
3671,1,1,1,0,1
3672,1,1,0,0,1
3673,0,0,0,0,1
3674,0,1,0,0,0
3675,0,0,0,0,0
3676,1,1,1,0,1
3677,1,1,1,0,1
3678,1,0,1,0,1
3679,1,1,1,0,1
3680,1,1,0,0,0
3681,1,1,1,0,1
3682,0,0,0,1,0
3683,1,1,1,0,1
3684,0,0,0,0,1
3685,1,0,1,1,0
3686,0,0,0,1,0
3687,0,0,0,0,1
3688,1,1,1,0,1
3689,0,0,0,0,1
3690,0,0,0,0,1
3691,1,0,1,1,0
3692,0,0,0,1,0
3693,0,1,0,0,1
3694,0,0,0,1,0
3695,0,0,0,1,0
3696,1,1,1,1,0
3697,1,0,1,0,1
3698,0,0,0,0,1
3699,1,1,1,1,0
3700,1,0,0,1,0
3701,0,0,1,0,1
3702,1,1,0,0,1
3703,1,1,0,0,1
3704,0,0,0,0,1
3705,1,1,1,0,1
3706,0,0,0,1,0
3707,1,0,0,1,0
3708,0,0,0,0,0
3709,0,0,0,1,0
3710,0,1,0,1,0
3711,1,0,0,1,0
3712,1,1,1,0,1
3713,0,0,0,0,1
3714,0,0,0,1,0
3715,0,0,0,1,0
3716,0,0,0,1,0
3717,0,0,0,1,0
3718,1,1,0,0,1
3719,1,1,0,1,0
3720,0,0,0,0,1
3721,0,0,0,0,1
3722,1,0,1,0,1
3723,1,1,1,0,1
3724,1,1,1,1,0
3725,0,0,0,1,0
3726,0,0,0,1,0
3727,0,0,0,0,1
3728,1,1,0,1,0
3729,0,0,0,1,0
3730,1,1,1,1,0
3731,1,1,1,0,1
3732,0,0,0,0,1
3733,1,1,1,0,1
3734,0,0,0,0,0
3735,1,1,1,1,0
3736,0,0,0,0,1
3737,0,1,0,0,0
3738,0,0,0,0,1
3739,0,0,0,0,1
3740,1,1,1,0,1
3741,1,1,0,0,1
3742,1,1,1,1,0
3743,0,0,0,1,0
3744,0,0,1,0,0
3745,1,1,1,1,0
3746,1,0,0,1,0
3747,1,0,1,0,1
3748,1,0,1,0,1
3749,1,0,1,1,0
3750,0,0,0,0,1
3751,1,0,1,1,0
3752,0,0,0,0,1
3753,0,0,0,1,0
3754,0,0,0,0,1
3755,1,0,1,1,0
3756,1,1,1,0,1
3757,1,0,1,0,1
3758,1,1,1,1,0
3759,1,0,1,0,1
3760,0,0,0,0,0
3761,1,1,1,1,0
3762,0,0,0,1,0
3763,1,0,1,0,1
3764,0,0,0,0,1
3765,0,0,0,0,0
3766,1,1,1,0,1
3767,0,0,0,0,1
3768,0,0,0,0,1
3769,0,1,0,1,0
3770,0,0,0,1,0
3771,1,1,1,1,0
3772,1,1,1,0,1
3773,0,0,0,1,0
3774,0,0,0,1,0
3775,0,0,0,0,1
3776,1,0,1,0,1
3777,1,1,1,1,0
3778,1,0,1,1,0
3779,0,0,0,0,1
3780,1,1,1,0,1
3781,1,0,0,0,1
3782,1,1,1,0,1
3783,1,0,0,0,1
3784,1,1,1,1,0
3785,0,0,0,0,1
3786,1,1,1,0,1
3787,0,0,0,0,1
3788,0,1,0,0,1
3789,1,0,0,1,0
3790,0,0,0,1,0
3791,0,0,0,0,1
3792,0,0,0,1,0
3793,0,0,0,1,0
3794,1,0,1,0,1
3795,0,0,0,0,1
3796,1,1,1,0,1
3797,0,0,0,0,1
3798,1,0,1,1,0
3799,1,1,1,0,1
3800,1,1,1,0,1
3801,1,1,1,0,1
3802,1,0,1,0,1
3803,0,0,0,0,1
3804,0,0,0,0,1
3805,0,0,1,0,1
3806,1,1,1,0,1
3807,0,0,0,1,0
3808,1,1,0,0,1
3809,1,0,1,0,1
3810,1,1,1,0,1
3811,1,0,1,0,0
3812,0,0,0,0,1
3813,0,0,1,1,0
3814,0,0,0,1,0
3815,0,0,0,1,0
3816,0,0,0,1,0
3817,1,1,0,0,1
3818,1,0,1,0,1
3819,1,0,1,0,1
3820,1,1,0,0,1
3821,0,0,0,0,1
3822,0,0,0,0,1
3823,1,1,1,1,0
3824,0,0,0,1,0
3825,1,1,1,0,1
3826,1,0,1,0,1
3827,1,0,1,0,1
3828,1,1,1,0,1
3829,1,1,1,1,0
3830,0,0,0,0,0
3831,0,0,0,0,1
3832,1,1,1,0,1
3833,1,0,1,0,1
3834,0,0,0,0,0
3835,1,0,1,1,0
3836,0,0,0,1,0
3837,1,1,1,1,0
3838,1,1,1,0,1
3839,1,1,1,0,1
3840,1,1,1,1,0
3841,0,0,0,0,1
3842,1,1,1,0,1
3843,0,0,0,1,0
3844,1,0,1,1,0
3845,1,1,1,0,1
3846,1,0,0,1,0
3847,1,1,1,1,0
3848,0,0,1,0,1
3849,0,0,0,0,1
3850,0,0,0,1,0
3851,0,0,0,0,1
3852,0,0,0,0,1
3853,1,0,1,0,1
3854,1,0,1,0,1
3855,1,1,1,0,1
3856,1,0,0,0,1
3857,1,1,1,0,1
3858,1,0,1,1,0
3859,0,1,0,0,1
3860,1,1,1,0,1
3861,1,1,1,1,0
3862,1,1,1,0,1
3863,1,1,1,1,0
3864,1,0,1,0,1
3865,0,1,1,0,1
3866,1,1,0,1,0
3867,0,1,1,1,0
3868,0,0,0,1,0
3869,1,1,1,0,1
3870,0,0,0,1,0
3871,0,0,1,0,1
3872,0,0,0,0,1
3873,1,1,1,1,0
3874,1,0,1,1,0
3875,1,0,0,0,1
3876,1,0,1,1,0
3877,1,1,1,1,0
3878,0,0,0,1,0
3879,1,0,1,0,1
3880,0,0,0,0,1
3881,1,1,1,0,1
3882,0,0,0,1,0
3883,1,0,0,1,0
3884,0,0,0,1,0
3885,1,1,0,1,0
3886,1,1,0,0,1
3887,1,1,1,0,1
3888,0,1,0,0,1
3889,0,1,0,0,1
3890,1,1,1,0,1
3891,0,0,0,0,1
3892,0,0,0,0,1
3893,1,1,1,0,1
3894,0,0,0,0,1
3895,1,1,1,0,1
3896,1,1,1,1,0
3897,0,0,0,0,1
3898,1,0,1,1,0
3899,1,1,1,1,0
3900,0,0,0,1,0
3901,1,1,1,0,1
3902,1,1,1,0,1
3903,0,0,0,1,0
3904,1,1,1,0,1
3905,0,0,0,0,1
3906,0,0,0,1,0
3907,0,0,0,0,0
3908,0,0,0,0,1
3909,1,0,1,0,1
3910,0,0,0,1,0
3911,1,0,1,0,1
3912,1,0,1,0,1
3913,1,0,1,0,1
3914,1,1,1,0,1
3915,0,0,0,0,1
3916,0,0,0,0,1
3917,0,0,0,0,1
3918,0,0,0,0,1
3919,0,0,0,0,1
3920,0,0,0,1,0
3921,0,0,0,1,0
3922,1,0,1,0,1
3923,0,0,0,1,0
3924,1,1,1,0,0
3925,1,1,1,1,0
3926,1,1,0,0,1
3927,0,0,0,0,1
3928,0,1,0,0,1
3929,1,0,1,1,0
3930,1,1,0,0,1
3931,1,0,1,0,1
3932,0,0,0,1,0
3933,0,0,0,0,1
3934,1,1,1,0,0
3935,0,1,0,0,1
3936,1,0,1,0,1
3937,0,0,0,1,0
3938,1,1,0,0,1
3939,0,0,0,0,1
3940,1,0,1,0,1
3941,0,0,0,1,0
3942,1,1,1,0,1
3943,1,1,0,0,1
3944,0,0,0,0,1
3945,1,1,1,0,1
3946,1,1,1,0,1
3947,0,0,0,1,0
3948,0,0,0,0,1
3949,0,0,0,1,0
3950,0,1,0,0,1
3951,1,0,1,1,0
3952,0,0,0,1,0
3953,0,0,0,0,1
3954,1,1,1,0,1
3955,0,0,0,1,0
3956,0,0,0,0,1
3957,1,0,0,1,0
3958,0,0,0,0,1
3959,1,1,0,0,1
3960,0,0,0,0,1
3961,1,1,1,1,0
3962,0,0,0,0,1
3963,1,0,1,0,1
3964,1,0,1,1,0
3965,0,0,0,1,0
3966,1,1,1,0,1
3967,0,0,0,1,0
3968,0,0,0,0,1
3969,1,1,1,0,1
3970,0,0,0,0,1
3971,0,0,0,1,0
3972,0,0,0,1,0
3973,1,1,1,1,0
3974,0,0,0,0,1
3975,1,0,0,1,0
3976,1,1,1,1,0
3977,1,1,0,0,1
3978,0,0,0,0,1
3979,1,1,1,0,1
3980,1,1,1,0,1
3981,1,1,1,1,0
3982,1,1,1,0,1
3983,0,0,0,0,1
3984,0,0,0,0,1
3985,1,1,0,0,1
3986,1,1,1,0,1
3987,0,0,1,1,0
3988,0,0,0,0,1
3989,1,1,1,0,1
3990,1,0,1,1,0
3991,0,1,0,0,1
3992,1,1,1,1,0
3993,1,0,1,0,1
3994,0,0,0,1,0
3995,0,0,0,0,1
3996,0,0,0,0,1
3997,0,0,0,0,1
3998,0,0,0,0,1
3999,1,1,1,0,1
4000,1,1,1,0,1
4001,1,0,1,0,0
4002,1,1,1,0,1
4003,0,1,0,0,1
4004,1,1,1,0,1
4005,1,1,0,0,1
4006,1,0,1,0,1
4007,0,0,0,0,1
4008,0,0,0,0,1
4009,0,0,0,0,1
4010,1,1,1,0,1
4011,0,0,0,0,1
4012,0,0,0,1,0
4013,0,0,1,1,0
4014,1,1,0,0,1
4015,1,0,1,0,1
4016,0,0,1,0,1
4017,0,0,0,0,1
4018,1,0,1,1,0
4019,1,1,1,0,1
4020,1,1,1,0,0
4021,1,1,1,0,1
4022,0,0,1,1,0
4023,1,1,0,0,1
4024,1,1,1,1,0
4025,0,0,0,1,0
4026,0,0,0,0,1
4027,0,0,0,0,1
4028,1,1,1,0,1
4029,0,0,0,1,0
4030,1,1,1,0,1
4031,0,1,0,0,1
4032,0,0,0,0,1
4033,0,0,0,1,0
4034,1,1,1,0,1
4035,1,0,1,1,0
4036,1,1,1,1,0
4037,1,1,1,0,1
4038,1,1,1,0,1